Time,THERMAL ZONE 1:GREENVILLE-SPARTANBURG INTL A ANN HTG 99% CONDNS DB:Des Heat Load [W],THERMAL ZONE 1::Des Sens Cool Load [W],THERMAL ZONE 1:GREENVILLE-SPARTANBURG INTL A ANN HTG 99% CONDNS DB:Des Heat Mass Flow [kg/s],THERMAL ZONE 1::Des Cool Mass Flow [kg/s],THERMAL ZONE 2:GREENVILLE-SPARTANBURG INTL A ANN HTG 99% CONDNS DB:Des Heat Load [W],THERMAL ZONE 2::Des Sens Cool Load [W],THERMAL ZONE 2:GREENVILLE-SPARTANBURG INTL A ANN HTG 99% CONDNS DB:Des Heat Mass Flow [kg/s],THERMAL ZONE 2::Des Cool Mass Flow [kg/s],THERMAL ZONE 3:GREENVILLE-SPARTANBURG INTL A ANN HTG 99% CONDNS DB:Des Heat Load [W],THERMAL ZONE 3::Des Sens Cool Load [W],THERMAL ZONE 3:GREENVILLE-SPARTANBURG INTL A ANN HTG 99% CONDNS DB:Des Heat Mass Flow [kg/s],THERMAL ZONE 3::Des Cool Mass Flow [kg/s],THERMAL ZONE 4:GREENVILLE-SPARTANBURG INTL A ANN HTG 99% CONDNS DB:Des Heat Load [W],THERMAL ZONE 4::Des Sens Cool Load [W],THERMAL ZONE 4:GREENVILLE-SPARTANBURG INTL A ANN HTG 99% CONDNS DB:Des Heat Mass Flow [kg/s],THERMAL ZONE 4::Des Cool Mass Flow [kg/s],THERMAL ZONE 5:GREENVILLE-SPARTANBURG INTL A ANN HTG 99% CONDNS DB:Des Heat Load [W],THERMAL ZONE 5::Des Sens Cool Load [W],THERMAL ZONE 5:GREENVILLE-SPARTANBURG INTL A ANN HTG 99% CONDNS DB:Des Heat Mass Flow [kg/s],THERMAL ZONE 5::Des Cool Mass Flow [kg/s],THERMAL ZONE 6:GREENVILLE-SPARTANBURG INTL A ANN HTG 99% CONDNS DB:Des Heat Load [W],THERMAL ZONE 6::Des Sens Cool Load [W],THERMAL ZONE 6:GREENVILLE-SPARTANBURG INTL A ANN HTG 99% CONDNS DB:Des Heat Mass Flow [kg/s],THERMAL ZONE 6::Des Cool Mass Flow [kg/s]
00:05:00,1.357179E+03,0.000000E+00,6.142817E-02,0.000000E+00,2.236603E+03,0.000000E+00,1.012324E-01,0.000000E+00,6.305346E+02,0.000000E+00,2.853905E-02,0.000000E+00,1.595979E+03,0.000000E+00,7.223668E-02,0.000000E+00,2.227374E+03,0.000000E+00,1.008147E-01,0.000000E+00,2.218321E+03,0.000000E+00,1.004049E-01,0.000000E+00
00:10:00,1.358321E+03,0.000000E+00,6.147986E-02,0.000000E+00,2.238830E+03,0.000000E+00,1.013332E-01,0.000000E+00,6.314167E+02,0.000000E+00,2.857897E-02,0.000000E+00,1.597077E+03,0.000000E+00,7.228637E-02,0.000000E+00,2.229555E+03,0.000000E+00,1.009134E-01,0.000000E+00,2.220619E+03,0.000000E+00,1.005089E-01,0.000000E+00
00:15:00,1.359424E+03,0.000000E+00,6.152982E-02,0.000000E+00,2.240986E+03,0.000000E+00,1.014308E-01,0.000000E+00,6.322705E+02,0.000000E+00,2.861762E-02,0.000000E+00,1.598138E+03,0.000000E+00,7.233437E-02,0.000000E+00,2.231664E+03,0.000000E+00,1.010088E-01,0.000000E+00,2.222840E+03,0.000000E+00,1.006094E-01,0.000000E+00
00:20:00,1.360479E+03,0.000000E+00,6.157756E-02,0.000000E+00,2.243048E+03,0.000000E+00,1.015241E-01,0.000000E+00,6.330867E+02,0.000000E+00,2.865456E-02,0.000000E+00,1.599152E+03,0.000000E+00,7.238029E-02,0.000000E+00,2.233682E+03,0.000000E+00,1.011002E-01,0.000000E+00,2.224961E+03,0.000000E+00,1.007054E-01,0.000000E+00
00:25:00,1.361488E+03,0.000000E+00,6.162320E-02,0.000000E+00,2.245022E+03,0.000000E+00,1.016134E-01,0.000000E+00,6.338679E+02,0.000000E+00,2.868992E-02,0.000000E+00,1.600122E+03,0.000000E+00,7.242421E-02,0.000000E+00,2.235613E+03,0.000000E+00,1.011876E-01,0.000000E+00,2.226988E+03,0.000000E+00,1.007972E-01,0.000000E+00
00:30:00,1.362455E+03,0.000000E+00,6.166698E-02,0.000000E+00,2.246920E+03,0.000000E+00,1.016993E-01,0.000000E+00,6.346184E+02,0.000000E+00,2.872389E-02,0.000000E+00,1.601054E+03,0.000000E+00,7.246636E-02,0.000000E+00,2.237469E+03,0.000000E+00,1.012716E-01,0.000000E+00,2.228931E+03,0.000000E+00,1.008851E-01,0.000000E+00
00:35:00,1.363383E+03,0.000000E+00,6.170900E-02,0.000000E+00,2.248743E+03,0.000000E+00,1.017819E-01,0.000000E+00,6.353395E+02,0.000000E+00,2.875652E-02,0.000000E+00,1.601948E+03,0.000000E+00,7.250684E-02,0.000000E+00,2.239253E+03,0.000000E+00,1.013523E-01,0.000000E+00,2.230796E+03,0.000000E+00,1.009695E-01,0.000000E+00
00:40:00,1.364277E+03,0.000000E+00,6.174943E-02,0.000000E+00,2.250500E+03,0.000000E+00,1.018614E-01,0.000000E+00,6.360340E+02,0.000000E+00,2.878796E-02,0.000000E+00,1.602809E+03,0.000000E+00,7.254580E-02,0.000000E+00,2.240971E+03,0.000000E+00,1.014301E-01,0.000000E+00,2.232589E+03,0.000000E+00,1.010507E-01,0.000000E+00
00:45:00,1.365136E+03,0.000000E+00,6.178834E-02,0.000000E+00,2.252194E+03,0.000000E+00,1.019380E-01,0.000000E+00,6.367031E+02,0.000000E+00,2.881824E-02,0.000000E+00,1.603638E+03,0.000000E+00,7.258332E-02,0.000000E+00,2.242626E+03,0.000000E+00,1.015050E-01,0.000000E+00,2.234313E+03,0.000000E+00,1.011287E-01,0.000000E+00
00:50:00,1.365963E+03,0.000000E+00,6.182576E-02,0.000000E+00,2.253824E+03,0.000000E+00,1.020118E-01,0.000000E+00,6.373470E+02,0.000000E+00,2.884739E-02,0.000000E+00,1.604435E+03,0.000000E+00,7.261941E-02,0.000000E+00,2.244219E+03,0.000000E+00,1.015771E-01,0.000000E+00,2.235971E+03,0.000000E+00,1.012038E-01,0.000000E+00
00:55:00,1.366760E+03,0.000000E+00,6.186182E-02,0.000000E+00,2.255398E+03,0.000000E+00,1.020831E-01,0.000000E+00,6.379685E+02,0.000000E+00,2.887552E-02,0.000000E+00,1.605204E+03,0.000000E+00,7.265421E-02,0.000000E+00,2.245757E+03,0.000000E+00,1.016467E-01,0.000000E+00,2.237568E+03,0.000000E+00,1.012761E-01,0.000000E+00
01:00:00,1.367528E+03,0.000000E+00,6.189661E-02,0.000000E+00,2.256918E+03,0.000000E+00,1.021519E-01,0.000000E+00,6.385683E+02,0.000000E+00,2.890267E-02,0.000000E+00,1.605946E+03,0.000000E+00,7.268779E-02,0.000000E+00,2.247242E+03,0.000000E+00,1.017139E-01,0.000000E+00,2.239108E+03,0.000000E+00,1.013458E-01,0.000000E+00
01:05:00,1.368294E+03,0.000000E+00,6.193125E-02,0.000000E+00,2.258403E+03,0.000000E+00,1.022191E-01,0.000000E+00,6.391558E+02,0.000000E+00,2.892926E-02,0.000000E+00,1.606676E+03,0.000000E+00,7.272083E-02,0.000000E+00,2.248693E+03,0.000000E+00,1.017796E-01,0.000000E+00,2.240654E+03,0.000000E+00,1.014158E-01,0.000000E+00
01:10:00,1.369044E+03,0.000000E+00,6.196521E-02,0.000000E+00,2.259860E+03,0.000000E+00,1.022850E-01,0.000000E+00,6.397324E+02,0.000000E+00,2.895536E-02,0.000000E+00,1.607391E+03,0.000000E+00,7.275320E-02,0.000000E+00,2.250117E+03,0.000000E+00,1.018440E-01,0.000000E+00,2.242171E+03,0.000000E+00,1.014844E-01,0.000000E+00
01:15:00,1.369765E+03,0.000000E+00,6.199785E-02,0.000000E+00,2.261260E+03,0.000000E+00,1.023484E-01,0.000000E+00,6.402857E+02,0.000000E+00,2.898040E-02,0.000000E+00,1.608079E+03,0.000000E+00,7.278433E-02,0.000000E+00,2.251484E+03,0.000000E+00,1.019059E-01,0.000000E+00,2.243627E+03,0.000000E+00,1.015503E-01,0.000000E+00
01:20:00,1.370469E+03,0.000000E+00,6.202969E-02,0.000000E+00,2.262626E+03,0.000000E+00,1.024102E-01,0.000000E+00,6.408260E+02,0.000000E+00,2.900485E-02,0.000000E+00,1.608749E+03,0.000000E+00,7.281467E-02,0.000000E+00,2.252818E+03,0.000000E+00,1.019663E-01,0.000000E+00,2.245048E+03,0.000000E+00,1.016146E-01,0.000000E+00
01:25:00,1.371158E+03,0.000000E+00,6.206087E-02,0.000000E+00,2.263964E+03,0.000000E+00,1.024708E-01,0.000000E+00,6.413550E+02,0.000000E+00,2.902880E-02,0.000000E+00,1.609405E+03,0.000000E+00,7.284437E-02,0.000000E+00,2.254124E+03,0.000000E+00,1.020254E-01,0.000000E+00,2.246440E+03,0.000000E+00,1.016776E-01,0.000000E+00
01:30:00,1.371829E+03,0.000000E+00,6.209127E-02,0.000000E+00,2.265267E+03,0.000000E+00,1.025298E-01,0.000000E+00,6.418702E+02,0.000000E+00,2.905212E-02,0.000000E+00,1.610045E+03,0.000000E+00,7.287331E-02,0.000000E+00,2.255396E+03,0.000000E+00,1.020830E-01,0.000000E+00,2.247796E+03,0.000000E+00,1.017390E-01,0.000000E+00
01:35:00,1.372482E+03,0.000000E+00,6.212084E-02,0.000000E+00,2.266535E+03,0.000000E+00,1.025872E-01,0.000000E+00,6.423713E+02,0.000000E+00,2.907479E-02,0.000000E+00,1.610667E+03,0.000000E+00,7.290146E-02,0.000000E+00,2.256633E+03,0.000000E+00,1.021390E-01,0.000000E+00,2.249115E+03,0.000000E+00,1.017987E-01,0.000000E+00
01:40:00,1.373118E+03,0.000000E+00,6.214962E-02,0.000000E+00,2.267769E+03,0.000000E+00,1.026430E-01,0.000000E+00,6.428588E+02,0.000000E+00,2.909686E-02,0.000000E+00,1.611272E+03,0.000000E+00,7.292885E-02,0.000000E+00,2.257837E+03,0.000000E+00,1.021935E-01,0.000000E+00,2.250398E+03,0.000000E+00,1.018568E-01,0.000000E+00
01:45:00,1.373737E+03,0.000000E+00,6.217764E-02,0.000000E+00,2.268970E+03,0.000000E+00,1.026974E-01,0.000000E+00,6.433333E+02,0.000000E+00,2.911834E-02,0.000000E+00,1.611861E+03,0.000000E+00,7.295550E-02,0.000000E+00,2.259008E+03,0.000000E+00,1.022465E-01,0.000000E+00,2.251648E+03,0.000000E+00,1.019133E-01,0.000000E+00
01:50:00,1.374340E+03,0.000000E+00,6.220491E-02,0.000000E+00,2.270139E+03,0.000000E+00,1.027503E-01,0.000000E+00,6.437950E+02,0.000000E+00,2.913923E-02,0.000000E+00,1.612433E+03,0.000000E+00,7.298142E-02,0.000000E+00,2.260147E+03,0.000000E+00,1.022980E-01,0.000000E+00,2.252864E+03,0.000000E+00,1.019684E-01,0.000000E+00
01:55:00,1.374926E+03,0.000000E+00,6.223146E-02,0.000000E+00,2.271277E+03,0.000000E+00,1.028018E-01,0.000000E+00,6.442444E+02,0.000000E+00,2.915958E-02,0.000000E+00,1.612991E+03,0.000000E+00,7.300665E-02,0.000000E+00,2.261257E+03,0.000000E+00,1.023482E-01,0.000000E+00,2.254047E+03,0.000000E+00,1.020219E-01,0.000000E+00
02:00:00,1.375497E+03,0.000000E+00,6.225731E-02,0.000000E+00,2.272385E+03,0.000000E+00,1.028519E-01,0.000000E+00,6.446820E+02,0.000000E+00,2.917938E-02,0.000000E+00,1.613533E+03,0.000000E+00,7.303121E-02,0.000000E+00,2.262336E+03,0.000000E+00,1.023971E-01,0.000000E+00,2.255200E+03,0.000000E+00,1.020741E-01,0.000000E+00
02:05:00,1.376053E+03,0.000000E+00,6.228247E-02,0.000000E+00,2.273463E+03,0.000000E+00,1.029007E-01,0.000000E+00,6.451078E+02,0.000000E+00,2.919866E-02,0.000000E+00,1.614061E+03,0.000000E+00,7.305511E-02,0.000000E+00,2.263387E+03,0.000000E+00,1.024447E-01,0.000000E+00,2.256321E+03,0.000000E+00,1.021249E-01,0.000000E+00
02:10:00,1.376595E+03,0.000000E+00,6.230698E-02,0.000000E+00,2.274514E+03,0.000000E+00,1.029483E-01,0.000000E+00,6.455226E+02,0.000000E+00,2.921743E-02,0.000000E+00,1.614575E+03,0.000000E+00,7.307838E-02,0.000000E+00,2.264410E+03,0.000000E+00,1.024910E-01,0.000000E+00,2.257414E+03,0.000000E+00,1.021743E-01,0.000000E+00
02:15:00,1.377122E+03,0.000000E+00,6.233085E-02,0.000000E+00,2.275537E+03,0.000000E+00,1.029946E-01,0.000000E+00,6.459266E+02,0.000000E+00,2.923572E-02,0.000000E+00,1.615076E+03,0.000000E+00,7.310104E-02,0.000000E+00,2.265407E+03,0.000000E+00,1.025361E-01,0.000000E+00,2.258478E+03,0.000000E+00,1.022225E-01,0.000000E+00
02:20:00,1.377636E+03,0.000000E+00,6.235411E-02,0.000000E+00,2.276534E+03,0.000000E+00,1.030397E-01,0.000000E+00,6.463201E+02,0.000000E+00,2.925352E-02,0.000000E+00,1.615564E+03,0.000000E+00,7.312310E-02,0.000000E+00,2.266378E+03,0.000000E+00,1.025800E-01,0.000000E+00,2.259514E+03,0.000000E+00,1.022694E-01,0.000000E+00
02:25:00,1.378137E+03,0.000000E+00,6.237677E-02,0.000000E+00,2.277506E+03,0.000000E+00,1.030837E-01,0.000000E+00,6.467035E+02,0.000000E+00,2.927088E-02,0.000000E+00,1.616039E+03,0.000000E+00,7.314460E-02,0.000000E+00,2.267323E+03,0.000000E+00,1.026228E-01,0.000000E+00,2.260524E+03,0.000000E+00,1.023151E-01,0.000000E+00
02:30:00,1.378625E+03,0.000000E+00,6.239886E-02,0.000000E+00,2.278453E+03,0.000000E+00,1.031266E-01,0.000000E+00,6.470773E+02,0.000000E+00,2.928780E-02,0.000000E+00,1.616501E+03,0.000000E+00,7.316555E-02,0.000000E+00,2.268245E+03,0.000000E+00,1.026646E-01,0.000000E+00,2.261508E+03,0.000000E+00,1.023596E-01,0.000000E+00
02:35:00,1.379101E+03,0.000000E+00,6.242039E-02,0.000000E+00,2.279376E+03,0.000000E+00,1.031684E-01,0.000000E+00,6.474416E+02,0.000000E+00,2.930429E-02,0.000000E+00,1.616952E+03,0.000000E+00,7.318596E-02,0.000000E+00,2.269144E+03,0.000000E+00,1.027052E-01,0.000000E+00,2.262467E+03,0.000000E+00,1.024030E-01,0.000000E+00
02:40:00,1.379565E+03,0.000000E+00,6.244139E-02,0.000000E+00,2.280277E+03,0.000000E+00,1.032091E-01,0.000000E+00,6.477969E+02,0.000000E+00,2.932037E-02,0.000000E+00,1.617392E+03,0.000000E+00,7.320587E-02,0.000000E+00,2.270020E+03,0.000000E+00,1.027449E-01,0.000000E+00,2.263402E+03,0.000000E+00,1.024454E-01,0.000000E+00
02:45:00,1.380017E+03,0.000000E+00,6.246188E-02,0.000000E+00,2.281156E+03,0.000000E+00,1.032489E-01,0.000000E+00,6.481435E+02,0.000000E+00,2.933605E-02,0.000000E+00,1.617821E+03,0.000000E+00,7.322528E-02,0.000000E+00,2.270874E+03,0.000000E+00,1.027836E-01,0.000000E+00,2.264315E+03,0.000000E+00,1.024867E-01,0.000000E+00
02:50:00,1.380459E+03,0.000000E+00,6.248186E-02,0.000000E+00,2.282013E+03,0.000000E+00,1.032877E-01,0.000000E+00,6.484815E+02,0.000000E+00,2.935135E-02,0.000000E+00,1.618239E+03,0.000000E+00,7.324421E-02,0.000000E+00,2.271708E+03,0.000000E+00,1.028213E-01,0.000000E+00,2.265204E+03,0.000000E+00,1.025269E-01,0.000000E+00
02:55:00,1.380890E+03,0.000000E+00,6.250137E-02,0.000000E+00,2.282850E+03,0.000000E+00,1.033256E-01,0.000000E+00,6.488115E+02,0.000000E+00,2.936629E-02,0.000000E+00,1.618648E+03,0.000000E+00,7.326269E-02,0.000000E+00,2.272521E+03,0.000000E+00,1.028581E-01,0.000000E+00,2.266073E+03,0.000000E+00,1.025662E-01,0.000000E+00
03:00:00,1.381310E+03,0.000000E+00,6.252041E-02,0.000000E+00,2.283667E+03,0.000000E+00,1.033626E-01,0.000000E+00,6.491336E+02,0.000000E+00,2.938087E-02,0.000000E+00,1.619046E+03,0.000000E+00,7.328072E-02,0.000000E+00,2.273316E+03,0.000000E+00,1.028940E-01,0.000000E+00,2.266921E+03,0.000000E+00,1.026046E-01,0.000000E+00
03:05:00,1.832103E+03,0.000000E+00,8.328418E-02,0.000000E+00,3.240101E+03,0.000000E+00,1.466524E-01,0.000000E+00,1.057444E+03,0.000000E+00,4.786166E-02,0.000000E+00,2.077993E+03,0.000000E+00,9.461964E-02,0.000000E+00,3.230394E+03,0.000000E+00,1.462130E-01,0.000000E+00,3.169301E+03,0.000000E+00,1.434478E-01,0.000000E+00
03:10:00,1.981434E+03,0.000000E+00,9.231583E-02,0.000000E+00,3.485852E+03,0.000000E+00,1.615381E-01,0.000000E+00,1.147435E+03,0.000000E+00,5.316362E-02,0.000000E+00,2.227212E+03,0.000000E+00,1.038076E-01,0.000000E+00,3.476035E+03,0.000000E+00,1.610852E-01,0.000000E+00,3.460365E+03,0.000000E+00,1.607622E-01,0.000000E+00
03:15:00,2.249073E+03,0.000000E+00,1.075784E-01,0.000000E+00,4.064796E+03,0.000000E+00,1.940706E-01,0.000000E+00,1.394356E+03,0.000000E+00,6.681610E-02,0.000000E+00,2.486537E+03,0.000000E+00,1.187886E-01,0.000000E+00,4.055563E+03,0.000000E+00,1.936419E-01,0.000000E+00,4.028690E+03,0.000000E+00,1.927151E-01,0.000000E+00
03:20:00,2.371813E+03,0.000000E+00,1.150905E-01,0.000000E+00,4.275014E+03,0.000000E+00,2.068801E-01,0.000000E+00,1.473395E+03,0.000000E+00,7.148862E-02,0.000000E+00,2.608281E+03,0.000000E+00,1.264105E-01,0.000000E+00,4.265720E+03,0.000000E+00,2.064411E-01,0.000000E+00,4.271201E+03,0.000000E+00,2.072405E-01,0.000000E+00
03:25:00,2.499444E+03,0.000000E+00,1.228645E-01,0.000000E+00,4.508504E+03,0.000000E+00,2.209351E-01,0.000000E+00,1.564948E+03,0.000000E+00,7.683072E-02,0.000000E+00,2.734477E+03,0.000000E+00,1.342708E-01,0.000000E+00,4.499374E+03,0.000000E+00,2.204978E-01,0.000000E+00,4.527703E+03,0.000000E+00,2.225149E-01,0.000000E+00
03:30:00,2.621263E+03,0.000000E+00,1.303279E-01,0.000000E+00,4.731644E+03,0.000000E+00,2.344369E-01,0.000000E+00,1.652215E+03,0.000000E+00,8.194382E-02,0.000000E+00,2.855371E+03,0.000000E+00,1.418478E-01,0.000000E+00,4.722818E+03,0.000000E+00,2.340089E-01,0.000000E+00,4.772093E+03,0.000000E+00,2.371420E-01,0.000000E+00
03:35:00,2.737493E+03,0.000000E+00,1.374926E-01,0.000000E+00,4.944578E+03,0.000000E+00,2.473935E-01,0.000000E+00,1.735294E+03,0.000000E+00,8.683313E-02,0.000000E+00,2.971117E+03,0.000000E+00,1.491496E-01,0.000000E+00,4.936198E+03,0.000000E+00,2.469821E-01,0.000000E+00,5.004863E+03,0.000000E+00,2.511481E-01,0.000000E+00
03:40:00,2.849731E+03,0.000000E+00,1.444441E-01,0.000000E+00,5.150505E+03,0.000000E+00,2.599757E-01,0.000000E+00,1.815514E+03,0.000000E+00,9.156970E-02,0.000000E+00,3.083220E+03,0.000000E+00,1.562569E-01,0.000000E+00,5.142690E+03,0.000000E+00,2.595875E-01,0.000000E+00,5.229385E+03,0.000000E+00,2.647135E-01,0.000000E+00
03:45:00,2.958630E+03,0.000000E+00,1.512172E-01,0.000000E+00,5.350548E+03,0.000000E+00,2.722438E-01,0.000000E+00,1.893294E+03,0.000000E+00,9.617592E-02,0.000000E+00,3.192339E+03,0.000000E+00,1.632047E-01,0.000000E+00,5.343418E+03,0.000000E+00,2.718850E-01,0.000000E+00,5.446925E+03,0.000000E+00,2.779061E-01,0.000000E+00
03:50:00,3.064274E+03,0.000000E+00,1.578165E-01,0.000000E+00,5.544711E+03,0.000000E+00,2.841977E-01,0.000000E+00,1.968670E+03,0.000000E+00,1.006538E-01,0.000000E+00,3.298492E+03,0.000000E+00,1.699942E-01,0.000000E+00,5.538386E+03,0.000000E+00,2.838749E-01,0.000000E+00,5.657731E+03,0.000000E+00,2.907389E-01,0.000000E+00
03:55:00,3.167498E+03,0.000000E+00,1.642866E-01,0.000000E+00,5.734646E+03,0.000000E+00,2.959261E-01,0.000000E+00,2.042324E+03,0.000000E+00,1.050398E-01,0.000000E+00,3.402450E+03,0.000000E+00,1.766665E-01,0.000000E+00,5.729216E+03,0.000000E+00,2.956440E-01,0.000000E+00,5.863548E+03,0.000000E+00,3.033054E-01,0.000000E+00
04:00:00,3.268626E+03,0.000000E+00,1.706449E-01,0.000000E+00,5.920904E+03,0.000000E+00,3.074583E-01,0.000000E+00,2.114477E+03,0.000000E+00,1.093456E-01,0.000000E+00,3.504516E+03,0.000000E+00,1.832379E-01,0.000000E+00,5.916453E+03,0.000000E+00,3.072213E-01,0.000000E+00,6.065037E+03,0.000000E+00,3.156409E-01,0.000000E+00
04:05:00,2.917354E+03,0.000000E+00,1.561502E-01,0.000000E+00,5.147897E+03,0.000000E+00,2.755431E-01,0.000000E+00,1.777158E+03,0.000000E+00,9.510614E-02,0.000000E+00,3.146188E+03,0.000000E+00,1.683899E-01,0.000000E+00,5.143843E+03,0.000000E+00,2.753257E-01,0.000000E+00,5.360816E+03,0.000000E+00,2.869488E-01,0.000000E+00
04:10:00,2.865979E+03,0.000000E+00,1.533043E-01,0.000000E+00,5.082830E+03,0.000000E+00,2.718860E-01,0.000000E+00,1.757045E+03,0.000000E+00,9.398618E-02,0.000000E+00,3.096166E+03,0.000000E+00,1.656172E-01,0.000000E+00,5.079989E+03,0.000000E+00,2.717340E-01,0.000000E+00,5.264694E+03,0.000000E+00,2.816141E-01,0.000000E+00
04:15:00,2.694906E+03,0.000000E+00,1.441534E-01,0.000000E+00,4.682114E+03,0.000000E+00,2.504512E-01,0.000000E+00,1.579001E+03,0.000000E+00,8.446246E-02,0.000000E+00,2.934778E+03,0.000000E+00,1.569844E-01,0.000000E+00,4.679850E+03,0.000000E+00,2.503301E-01,0.000000E+00,4.888448E+03,0.000000E+00,2.614883E-01,0.000000E+00
04:20:00,2.667386E+03,0.000000E+00,1.426813E-01,0.000000E+00,4.647692E+03,0.000000E+00,2.486100E-01,0.000000E+00,1.567855E+03,0.000000E+00,8.386622E-02,0.000000E+00,2.909744E+03,0.000000E+00,1.556453E-01,0.000000E+00,4.646710E+03,0.000000E+00,2.485574E-01,0.000000E+00,4.835253E+03,0.000000E+00,2.586428E-01,0.000000E+00
04:25:00,2.633887E+03,0.000000E+00,1.408894E-01,0.000000E+00,4.588066E+03,0.000000E+00,2.454205E-01,0.000000E+00,1.543413E+03,0.000000E+00,8.255881E-02,0.000000E+00,2.879263E+03,0.000000E+00,1.540148E-01,0.000000E+00,4.588183E+03,0.000000E+00,2.454268E-01,0.000000E+00,4.765834E+03,0.000000E+00,2.549295E-01,0.000000E+00
04:30:00,2.605221E+03,0.000000E+00,1.393560E-01,0.000000E+00,4.537041E+03,0.000000E+00,2.426911E-01,0.000000E+00,1.522547E+03,0.000000E+00,8.144266E-02,0.000000E+00,2.853190E+03,0.000000E+00,1.526202E-01,0.000000E+00,4.538157E+03,0.000000E+00,2.427508E-01,0.000000E+00,4.706518E+03,0.000000E+00,2.517566E-01,0.000000E+00
04:35:00,2.581199E+03,0.000000E+00,1.380710E-01,0.000000E+00,4.494496E+03,0.000000E+00,2.404154E-01,0.000000E+00,1.505172E+03,0.000000E+00,8.051326E-02,0.000000E+00,2.831397E+03,0.000000E+00,1.514544E-01,0.000000E+00,4.496510E+03,0.000000E+00,2.405231E-01,0.000000E+00,4.656884E+03,0.000000E+00,2.491016E-01,0.000000E+00
04:40:00,2.560378E+03,0.000000E+00,1.369573E-01,0.000000E+00,4.457535E+03,0.000000E+00,2.384383E-01,0.000000E+00,1.490083E+03,0.000000E+00,7.970610E-02,0.000000E+00,2.812519E+03,0.000000E+00,1.504446E-01,0.000000E+00,4.460359E+03,0.000000E+00,2.385893E-01,0.000000E+00,4.613880E+03,0.000000E+00,2.468013E-01,0.000000E+00
04:45:00,2.542175E+03,0.000000E+00,1.359836E-01,0.000000E+00,4.425148E+03,0.000000E+00,2.367058E-01,0.000000E+00,1.476904E+03,0.000000E+00,7.900118E-02,0.000000E+00,2.795960E+03,0.000000E+00,1.495589E-01,0.000000E+00,4.428690E+03,0.000000E+00,2.368953E-01,0.000000E+00,4.576379E+03,0.000000E+00,2.447954E-01,0.000000E+00
04:50:00,2.526526E+03,0.000000E+00,1.351465E-01,0.000000E+00,4.397350E+03,0.000000E+00,2.352189E-01,0.000000E+00,1.465610E+03,0.000000E+00,7.839702E-02,0.000000E+00,2.781717E+03,0.000000E+00,1.487970E-01,0.000000E+00,4.401518E+03,0.000000E+00,2.354419E-01,0.000000E+00,4.544182E+03,0.000000E+00,2.430731E-01,0.000000E+00
04:55:00,2.512698E+03,0.000000E+00,1.344069E-01,0.000000E+00,4.372683E+03,0.000000E+00,2.338994E-01,0.000000E+00,1.455596E+03,0.000000E+00,7.786136E-02,0.000000E+00,2.769113E+03,0.000000E+00,1.481228E-01,0.000000E+00,4.377410E+03,0.000000E+00,2.341523E-01,0.000000E+00,4.515749E+03,0.000000E+00,2.415522E-01,0.000000E+00
05:00:00,2.500412E+03,0.000000E+00,1.337497E-01,0.000000E+00,4.350671E+03,0.000000E+00,2.327220E-01,0.000000E+00,1.446672E+03,0.000000E+00,7.738403E-02,0.000000E+00,2.757885E+03,0.000000E+00,1.475222E-01,0.000000E+00,4.355894E+03,0.000000E+00,2.330014E-01,0.000000E+00,4.490510E+03,0.000000E+00,2.402021E-01,0.000000E+00
05:05:00,2.489605E+03,0.000000E+00,1.331716E-01,0.000000E+00,4.331283E+03,0.000000E+00,2.316849E-01,0.000000E+00,1.438821E+03,0.000000E+00,7.696406E-02,0.000000E+00,2.747990E+03,0.000000E+00,1.469929E-01,0.000000E+00,4.336938E+03,0.000000E+00,2.319874E-01,0.000000E+00,4.468328E+03,0.000000E+00,2.390156E-01,0.000000E+00
05:10:00,2.479883E+03,0.000000E+00,1.326515E-01,0.000000E+00,4.313746E+03,0.000000E+00,2.307468E-01,0.000000E+00,1.431726E+03,0.000000E+00,7.658454E-02,0.000000E+00,2.739066E+03,0.000000E+00,1.465155E-01,0.000000E+00,4.319788E+03,0.000000E+00,2.310700E-01,0.000000E+00,4.448383E+03,0.000000E+00,2.379487E-01,0.000000E+00
05:15:00,2.471101E+03,0.000000E+00,1.321818E-01,0.000000E+00,4.297826E+03,0.000000E+00,2.298953E-01,0.000000E+00,1.425294E+03,0.000000E+00,7.624050E-02,0.000000E+00,2.730979E+03,0.000000E+00,1.460830E-01,0.000000E+00,4.304214E+03,0.000000E+00,2.302370E-01,0.000000E+00,4.430385E+03,0.000000E+00,2.369860E-01,0.000000E+00
05:20:00,2.463227E+03,0.000000E+00,1.317606E-01,0.000000E+00,4.283511E+03,0.000000E+00,2.291296E-01,0.000000E+00,1.419517E+03,0.000000E+00,7.593149E-02,0.000000E+00,2.723709E+03,0.000000E+00,1.456941E-01,0.000000E+00,4.290203E+03,0.000000E+00,2.294875E-01,0.000000E+00,4.414258E+03,0.000000E+00,2.361234E-01,0.000000E+00
05:25:00,2.456065E+03,0.000000E+00,1.313775E-01,0.000000E+00,4.270424E+03,0.000000E+00,2.284295E-01,0.000000E+00,1.414241E+03,0.000000E+00,7.564927E-02,0.000000E+00,2.717079E+03,0.000000E+00,1.453394E-01,0.000000E+00,4.277390E+03,0.000000E+00,2.288021E-01,0.000000E+00,4.399600E+03,0.000000E+00,2.353392E-01,0.000000E+00
05:30:00,2.449521E+03,0.000000E+00,1.310275E-01,0.000000E+00,4.258407E+03,0.000000E+00,2.277867E-01,0.000000E+00,1.409403E+03,0.000000E+00,7.539044E-02,0.000000E+00,2.711002E+03,0.000000E+00,1.450144E-01,0.000000E+00,4.265620E+03,0.000000E+00,2.281725E-01,0.000000E+00,4.386217E+03,0.000000E+00,2.346234E-01,0.000000E+00
05:35:00,2.443566E+03,0.000000E+00,1.307090E-01,0.000000E+00,4.247433E+03,0.000000E+00,2.271997E-01,0.000000E+00,1.404988E+03,0.000000E+00,7.515432E-02,0.000000E+00,2.705457E+03,0.000000E+00,1.447178E-01,0.000000E+00,4.254865E+03,0.000000E+00,2.275973E-01,0.000000E+00,4.374045E+03,0.000000E+00,2.339723E-01,0.000000E+00
05:40:00,2.438080E+03,0.000000E+00,1.304155E-01,0.000000E+00,4.237274E+03,0.000000E+00,2.266563E-01,0.000000E+00,1.400905E+03,0.000000E+00,7.493591E-02,0.000000E+00,2.700334E+03,0.000000E+00,1.444437E-01,0.000000E+00,4.244905E+03,0.000000E+00,2.270645E-01,0.000000E+00,4.362837E+03,0.000000E+00,2.333728E-01,0.000000E+00
05:45:00,2.433012E+03,0.000000E+00,1.301444E-01,0.000000E+00,4.227848E+03,0.000000E+00,2.261521E-01,0.000000E+00,1.397121E+03,0.000000E+00,7.473349E-02,0.000000E+00,2.695589E+03,0.000000E+00,1.441899E-01,0.000000E+00,4.235661E+03,0.000000E+00,2.265700E-01,0.000000E+00,4.352490E+03,0.000000E+00,2.328193E-01,0.000000E+00
05:50:00,2.428348E+03,0.000000E+00,1.298949E-01,0.000000E+00,4.219146E+03,0.000000E+00,2.256866E-01,0.000000E+00,1.393630E+03,0.000000E+00,7.454676E-02,0.000000E+00,2.691211E+03,0.000000E+00,1.439557E-01,0.000000E+00,4.227122E+03,0.000000E+00,2.261132E-01,0.000000E+00,4.342972E+03,0.000000E+00,2.323102E-01,0.000000E+00
05:55:00,2.424011E+03,0.000000E+00,1.296629E-01,0.000000E+00,4.211022E+03,0.000000E+00,2.252520E-01,0.000000E+00,1.390374E+03,0.000000E+00,7.437258E-02,0.000000E+00,2.687131E+03,0.000000E+00,1.437375E-01,0.000000E+00,4.219149E+03,0.000000E+00,2.256867E-01,0.000000E+00,4.334126E+03,0.000000E+00,2.318370E-01,0.000000E+00
06:00:00,2.419971E+03,0.000000E+00,1.294468E-01,0.000000E+00,4.203427E+03,0.000000E+00,2.248458E-01,0.000000E+00,1.387332E+03,0.000000E+00,7.420986E-02,0.000000E+00,2.683322E+03,0.000000E+00,1.435337E-01,0.000000E+00,4.211691E+03,0.000000E+00,2.252878E-01,0.000000E+00,4.325890E+03,0.000000E+00,2.313964E-01,0.000000E+00
06:05:00,2.416217E+03,0.000000E+00,1.292460E-01,0.000000E+00,4.196352E+03,0.000000E+00,2.244673E-01,0.000000E+00,1.384500E+03,0.000000E+00,7.405838E-02,0.000000E+00,2.679775E+03,0.000000E+00,1.433440E-01,0.000000E+00,4.204742E+03,0.000000E+00,2.249161E-01,0.000000E+00,4.318240E+03,0.000000E+00,2.309872E-01,0.000000E+00
06:10:00,2.412702E+03,0.000000E+00,1.290580E-01,0.000000E+00,4.189704E+03,0.000000E+00,2.241117E-01,0.000000E+00,1.381841E+03,0.000000E+00,7.391614E-02,0.000000E+00,2.676448E+03,0.000000E+00,1.431661E-01,0.000000E+00,4.198211E+03,0.000000E+00,2.245667E-01,0.000000E+00,4.311078E+03,0.000000E+00,2.306041E-01,0.000000E+00
06:15:00,2.409405E+03,0.000000E+00,1.288816E-01,0.000000E+00,4.183451E+03,0.000000E+00,2.237773E-01,0.000000E+00,1.379341E+03,0.000000E+00,7.378243E-02,0.000000E+00,2.673322E+03,0.000000E+00,1.429988E-01,0.000000E+00,4.192066E+03,0.000000E+00,2.242380E-01,0.000000E+00,4.304363E+03,0.000000E+00,2.302450E-01,0.000000E+00
06:20:00,2.406320E+03,0.000000E+00,1.287166E-01,0.000000E+00,4.177588E+03,0.000000E+00,2.234636E-01,0.000000E+00,1.376998E+03,0.000000E+00,7.365711E-02,0.000000E+00,2.670391E+03,0.000000E+00,1.428421E-01,0.000000E+00,4.186301E+03,0.000000E+00,2.239297E-01,0.000000E+00,4.298081E+03,0.000000E+00,2.299089E-01,0.000000E+00
06:25:00,2.403400E+03,0.000000E+00,1.285604E-01,0.000000E+00,4.172025E+03,0.000000E+00,2.231660E-01,0.000000E+00,1.374776E+03,0.000000E+00,7.353823E-02,0.000000E+00,2.667615E+03,0.000000E+00,1.426935E-01,0.000000E+00,4.180831E+03,0.000000E+00,2.236371E-01,0.000000E+00,4.292137E+03,0.000000E+00,2.295910E-01,0.000000E+00
06:30:00,2.400640E+03,0.000000E+00,1.284128E-01,0.000000E+00,4.166756E+03,0.000000E+00,2.228842E-01,0.000000E+00,1.372672E+03,0.000000E+00,7.342568E-02,0.000000E+00,2.664986E+03,0.000000E+00,1.425530E-01,0.000000E+00,4.175649E+03,0.000000E+00,2.233599E-01,0.000000E+00,4.286519E+03,0.000000E+00,2.292905E-01,0.000000E+00
06:35:00,2.398040E+03,0.000000E+00,1.282737E-01,0.000000E+00,4.161786E+03,0.000000E+00,2.226183E-01,0.000000E+00,1.370688E+03,0.000000E+00,7.331955E-02,0.000000E+00,2.662508E+03,0.000000E+00,1.424204E-01,0.000000E+00,4.170759E+03,0.000000E+00,2.230983E-01,0.000000E+00,4.281228E+03,0.000000E+00,2.290074E-01,0.000000E+00
06:40:00,2.395578E+03,0.000000E+00,1.281420E-01,0.000000E+00,4.157072E+03,0.000000E+00,2.223662E-01,0.000000E+00,1.368807E+03,0.000000E+00,7.321892E-02,0.000000E+00,2.660158E+03,0.000000E+00,1.422947E-01,0.000000E+00,4.166121E+03,0.000000E+00,2.228502E-01,0.000000E+00,4.276218E+03,0.000000E+00,2.287394E-01,0.000000E+00
06:45:00,2.393244E+03,0.000000E+00,1.280171E-01,0.000000E+00,4.152595E+03,0.000000E+00,2.221267E-01,0.000000E+00,1.367021E+03,0.000000E+00,7.312338E-02,0.000000E+00,2.657929E+03,0.000000E+00,1.421754E-01,0.000000E+00,4.161716E+03,0.000000E+00,2.226146E-01,0.000000E+00,4.271469E+03,0.000000E+00,2.284854E-01,0.000000E+00
06:50:00,2.391033E+03,0.000000E+00,1.278989E-01,0.000000E+00,4.148351E+03,0.000000E+00,2.218997E-01,0.000000E+00,1.365328E+03,0.000000E+00,7.303283E-02,0.000000E+00,2.655816E+03,0.000000E+00,1.420624E-01,0.000000E+00,4.157539E+03,0.000000E+00,2.223912E-01,0.000000E+00,4.266972E+03,0.000000E+00,2.282449E-01,0.000000E+00
06:55:00,2.388932E+03,0.000000E+00,1.277865E-01,0.000000E+00,4.144313E+03,0.000000E+00,2.216837E-01,0.000000E+00,1.363717E+03,0.000000E+00,7.294668E-02,0.000000E+00,2.653807E+03,0.000000E+00,1.419549E-01,0.000000E+00,4.153564E+03,0.000000E+00,2.221786E-01,0.000000E+00,4.262700E+03,0.000000E+00,2.280163E-01,0.000000E+00
07:00:00,2.386935E+03,0.000000E+00,1.276797E-01,0.000000E+00,4.140467E+03,0.000000E+00,2.214780E-01,0.000000E+00,1.362184E+03,0.000000E+00,7.286468E-02,0.000000E+00,2.651895E+03,0.000000E+00,1.418527E-01,0.000000E+00,4.149780E+03,0.000000E+00,2.219761E-01,0.000000E+00,4.258638E+03,0.000000E+00,2.277991E-01,0.000000E+00
07:05:00,2.385037E+03,0.000000E+00,1.275782E-01,0.000000E+00,4.136812E+03,0.000000E+00,2.212824E-01,0.000000E+00,1.360727E+03,0.000000E+00,7.278674E-02,0.000000E+00,2.650078E+03,0.000000E+00,1.417555E-01,0.000000E+00,4.146181E+03,0.000000E+00,2.217836E-01,0.000000E+00,4.254780E+03,0.000000E+00,2.275927E-01,0.000000E+00
07:10:00,2.383230E+03,0.000000E+00,1.274815E-01,0.000000E+00,4.133325E+03,0.000000E+00,2.210959E-01,0.000000E+00,1.359338E+03,0.000000E+00,7.271242E-02,0.000000E+00,2.648346E+03,0.000000E+00,1.416628E-01,0.000000E+00,4.142749E+03,0.000000E+00,2.216001E-01,0.000000E+00,4.251105E+03,0.000000E+00,2.273961E-01,0.000000E+00
07:15:00,2.381506E+03,0.000000E+00,1.273893E-01,0.000000E+00,4.129997E+03,0.000000E+00,2.209179E-01,0.000000E+00,1.358012E+03,0.000000E+00,7.264151E-02,0.000000E+00,2.646694E+03,0.000000E+00,1.415745E-01,0.000000E+00,4.139475E+03,0.000000E+00,2.214249E-01,0.000000E+00,4.247603E+03,0.000000E+00,2.272088E-01,0.000000E+00
07:20:00,2.379865E+03,0.000000E+00,1.273015E-01,0.000000E+00,4.126826E+03,0.000000E+00,2.207483E-01,0.000000E+00,1.356749E+03,0.000000E+00,7.257395E-02,0.000000E+00,2.645121E+03,0.000000E+00,1.414903E-01,0.000000E+00,4.136354E+03,0.000000E+00,2.212579E-01,0.000000E+00,4.244267E+03,0.000000E+00,2.270303E-01,0.000000E+00
07:25:00,2.378312E+03,0.000000E+00,1.272184E-01,0.000000E+00,4.123823E+03,0.000000E+00,2.205877E-01,0.000000E+00,1.355554E+03,0.000000E+00,7.251000E-02,0.000000E+00,2.643631E+03,0.000000E+00,1.414106E-01,0.000000E+00,4.133398E+03,0.000000E+00,2.210998E-01,0.000000E+00,4.241112E+03,0.000000E+00,2.268616E-01,0.000000E+00
07:30:00,2.376821E+03,0.000000E+00,1.271387E-01,0.000000E+00,4.120938E+03,0.000000E+00,2.204333E-01,0.000000E+00,1.354405E+03,0.000000E+00,7.244855E-02,0.000000E+00,2.642201E+03,0.000000E+00,1.413341E-01,0.000000E+00,4.130559E+03,0.000000E+00,2.209480E-01,0.000000E+00,4.238084E+03,0.000000E+00,2.266996E-01,0.000000E+00
07:35:00,2.375408E+03,0.000000E+00,1.270631E-01,0.000000E+00,4.118199E+03,0.000000E+00,2.202868E-01,0.000000E+00,1.353315E+03,0.000000E+00,7.239025E-02,0.000000E+00,2.640844E+03,0.000000E+00,1.412615E-01,0.000000E+00,4.127864E+03,0.000000E+00,2.208038E-01,0.000000E+00,4.235213E+03,0.000000E+00,2.265460E-01,0.000000E+00
07:40:00,2.374065E+03,0.000000E+00,1.269912E-01,0.000000E+00,4.115595E+03,0.000000E+00,2.201475E-01,0.000000E+00,1.352279E+03,0.000000E+00,7.233483E-02,0.000000E+00,2.639554E+03,0.000000E+00,1.411926E-01,0.000000E+00,4.125301E+03,0.000000E+00,2.206667E-01,0.000000E+00,4.232486E+03,0.000000E+00,2.264002E-01,0.000000E+00
07:45:00,2.372785E+03,0.000000E+00,1.269228E-01,0.000000E+00,4.113109E+03,0.000000E+00,2.200146E-01,0.000000E+00,1.351290E+03,0.000000E+00,7.228194E-02,0.000000E+00,2.638325E+03,0.000000E+00,1.411268E-01,0.000000E+00,4.122856E+03,0.000000E+00,2.205359E-01,0.000000E+00,4.229887E+03,0.000000E+00,2.262611E-01,0.000000E+00
07:50:00,2.371564E+03,0.000000E+00,1.268575E-01,0.000000E+00,4.110737E+03,0.000000E+00,2.198877E-01,0.000000E+00,1.350347E+03,0.000000E+00,7.223149E-02,0.000000E+00,2.637152E+03,0.000000E+00,1.410641E-01,0.000000E+00,4.120522E+03,0.000000E+00,2.204111E-01,0.000000E+00,4.227410E+03,0.000000E+00,2.261286E-01,0.000000E+00
07:55:00,2.370397E+03,0.000000E+00,1.267951E-01,0.000000E+00,4.108467E+03,0.000000E+00,2.197663E-01,0.000000E+00,1.349444E+03,0.000000E+00,7.218321E-02,0.000000E+00,2.636031E+03,0.000000E+00,1.410041E-01,0.000000E+00,4.118289E+03,0.000000E+00,2.202917E-01,0.000000E+00,4.225042E+03,0.000000E+00,2.260020E-01,0.000000E+00
08:00:00,2.369281E+03,0.000000E+00,1.267354E-01,0.000000E+00,4.106294E+03,0.000000E+00,2.196500E-01,0.000000E+00,1.348581E+03,0.000000E+00,7.213700E-02,0.000000E+00,2.634958E+03,0.000000E+00,1.409467E-01,0.000000E+00,4.116152E+03,0.000000E+00,2.201773E-01,0.000000E+00,4.222777E+03,0.000000E+00,2.258808E-01,0.000000E+00
08:05:00,2.368215E+03,0.000000E+00,1.266783E-01,0.000000E+00,4.104215E+03,0.000000E+00,2.195388E-01,0.000000E+00,1.347755E+03,0.000000E+00,7.209283E-02,0.000000E+00,2.633932E+03,0.000000E+00,1.408918E-01,0.000000E+00,4.114108E+03,0.000000E+00,2.200680E-01,0.000000E+00,4.220614E+03,0.000000E+00,2.257651E-01,0.000000E+00
08:10:00,2.367193E+03,0.000000E+00,1.266237E-01,0.000000E+00,4.102222E+03,0.000000E+00,2.194322E-01,0.000000E+00,1.346963E+03,0.000000E+00,7.205048E-02,0.000000E+00,2.632949E+03,0.000000E+00,1.408392E-01,0.000000E+00,4.112148E+03,0.000000E+00,2.199632E-01,0.000000E+00,4.218541E+03,0.000000E+00,2.256542E-01,0.000000E+00
08:15:00,2.366213E+03,0.000000E+00,1.265713E-01,0.000000E+00,4.100309E+03,0.000000E+00,2.193299E-01,0.000000E+00,1.346203E+03,0.000000E+00,7.200985E-02,0.000000E+00,2.632007E+03,0.000000E+00,1.407888E-01,0.000000E+00,4.110268E+03,0.000000E+00,2.198626E-01,0.000000E+00,4.216555E+03,0.000000E+00,2.255480E-01,0.000000E+00
08:20:00,2.365275E+03,0.000000E+00,1.265211E-01,0.000000E+00,4.098476E+03,0.000000E+00,2.192318E-01,0.000000E+00,1.345476E+03,0.000000E+00,7.197092E-02,0.000000E+00,2.631104E+03,0.000000E+00,1.407405E-01,0.000000E+00,4.108467E+03,0.000000E+00,2.197662E-01,0.000000E+00,4.214652E+03,0.000000E+00,2.254462E-01,0.000000E+00
08:25:00,2.364360E+03,0.000000E+00,1.264721E-01,0.000000E+00,4.096687E+03,0.000000E+00,2.191361E-01,0.000000E+00,1.344765E+03,0.000000E+00,7.193292E-02,0.000000E+00,2.630224E+03,0.000000E+00,1.406935E-01,0.000000E+00,4.106709E+03,0.000000E+00,2.196722E-01,0.000000E+00,4.212797E+03,0.000000E+00,2.253470E-01,0.000000E+00
08:30:00,2.363487E+03,0.000000E+00,1.264254E-01,0.000000E+00,4.094982E+03,0.000000E+00,2.190449E-01,0.000000E+00,1.344089E+03,0.000000E+00,7.189672E-02,0.000000E+00,2.629385E+03,0.000000E+00,1.406486E-01,0.000000E+00,4.105033E+03,0.000000E+00,2.195826E-01,0.000000E+00,4.211029E+03,0.000000E+00,2.252524E-01,0.000000E+00
08:35:00,2.362641E+03,0.000000E+00,1.263802E-01,0.000000E+00,4.093327E+03,0.000000E+00,2.189564E-01,0.000000E+00,1.343432E+03,0.000000E+00,7.186159E-02,0.000000E+00,2.628571E+03,0.000000E+00,1.406051E-01,0.000000E+00,4.103408E+03,0.000000E+00,2.194956E-01,0.000000E+00,4.209314E+03,0.000000E+00,2.251607E-01,0.000000E+00
08:40:00,2.361818E+03,0.000000E+00,1.263361E-01,0.000000E+00,4.091716E+03,0.000000E+00,2.188702E-01,0.000000E+00,1.342792E+03,0.000000E+00,7.182739E-02,0.000000E+00,2.627780E+03,0.000000E+00,1.405627E-01,0.000000E+00,4.101826E+03,0.000000E+00,2.194110E-01,0.000000E+00,4.207645E+03,0.000000E+00,2.250714E-01,0.000000E+00
08:45:00,2.361020E+03,0.000000E+00,1.262935E-01,0.000000E+00,4.090157E+03,0.000000E+00,2.187868E-01,0.000000E+00,1.342174E+03,0.000000E+00,7.179429E-02,0.000000E+00,2.627013E+03,0.000000E+00,1.405217E-01,0.000000E+00,4.100295E+03,0.000000E+00,2.193291E-01,0.000000E+00,4.206029E+03,0.000000E+00,2.249849E-01,0.000000E+00
08:50:00,2.360249E+03,0.000000E+00,1.262522E-01,0.000000E+00,4.088650E+03,0.000000E+00,2.187062E-01,0.000000E+00,1.341576E+03,0.000000E+00,7.176232E-02,0.000000E+00,2.626273E+03,0.000000E+00,1.404821E-01,0.000000E+00,4.098816E+03,0.000000E+00,2.192500E-01,0.000000E+00,4.204467E+03,0.000000E+00,2.249014E-01,0.000000E+00
08:55:00,2.359504E+03,0.000000E+00,1.262124E-01,0.000000E+00,4.087193E+03,0.000000E+00,2.186283E-01,0.000000E+00,1.340998E+03,0.000000E+00,7.173140E-02,0.000000E+00,2.625557E+03,0.000000E+00,1.404438E-01,0.000000E+00,4.097386E+03,0.000000E+00,2.191735E-01,0.000000E+00,4.202957E+03,0.000000E+00,2.248206E-01,0.000000E+00
09:00:00,2.358783E+03,0.000000E+00,1.261738E-01,0.000000E+00,4.085783E+03,0.000000E+00,2.185529E-01,0.000000E+00,1.340439E+03,0.000000E+00,7.170149E-02,0.000000E+00,2.624865E+03,0.000000E+00,1.404068E-01,0.000000E+00,4.096004E+03,0.000000E+00,2.190996E-01,0.000000E+00,4.201497E+03,0.000000E+00,2.247425E-01,0.000000E+00
09:05:00,2.358086E+03,0.000000E+00,1.261365E-01,0.000000E+00,4.084420E+03,0.000000E+00,2.184800E-01,0.000000E+00,1.339898E+03,0.000000E+00,7.167258E-02,0.000000E+00,2.624196E+03,0.000000E+00,1.403710E-01,0.000000E+00,4.094667E+03,0.000000E+00,2.190281E-01,0.000000E+00,4.200085E+03,0.000000E+00,2.246670E-01,0.000000E+00
09:10:00,2.357412E+03,0.000000E+00,1.261004E-01,0.000000E+00,4.083102E+03,0.000000E+00,2.184094E-01,0.000000E+00,1.339375E+03,0.000000E+00,7.164461E-02,0.000000E+00,2.623549E+03,0.000000E+00,1.403364E-01,0.000000E+00,4.093374E+03,0.000000E+00,2.189589E-01,0.000000E+00,4.198720E+03,0.000000E+00,2.245940E-01,0.000000E+00
09:15:00,2.356759E+03,0.000000E+00,1.260655E-01,0.000000E+00,4.081825E+03,0.000000E+00,2.183412E-01,0.000000E+00,1.338870E+03,0.000000E+00,7.161755E-02,0.000000E+00,2.622924E+03,0.000000E+00,1.403030E-01,0.000000E+00,4.092123E+03,0.000000E+00,2.188920E-01,0.000000E+00,4.197399E+03,0.000000E+00,2.245233E-01,0.000000E+00
09:20:00,2.356128E+03,0.000000E+00,1.260318E-01,0.000000E+00,4.080591E+03,0.000000E+00,2.182751E-01,0.000000E+00,1.338380E+03,0.000000E+00,7.159138E-02,0.000000E+00,2.622318E+03,0.000000E+00,1.402706E-01,0.000000E+00,4.090913E+03,0.000000E+00,2.188273E-01,0.000000E+00,4.196122E+03,0.000000E+00,2.244550E-01,0.000000E+00
09:25:00,2.355517E+03,0.000000E+00,1.259991E-01,0.000000E+00,4.079396E+03,0.000000E+00,2.182112E-01,0.000000E+00,1.337907E+03,0.000000E+00,7.156604E-02,0.000000E+00,2.621733E+03,0.000000E+00,1.402393E-01,0.000000E+00,4.089742E+03,0.000000E+00,2.187646E-01,0.000000E+00,4.194886E+03,0.000000E+00,2.243889E-01,0.000000E+00
09:30:00,2.354926E+03,0.000000E+00,1.259675E-01,0.000000E+00,4.078239E+03,0.000000E+00,2.181493E-01,0.000000E+00,1.337448E+03,0.000000E+00,7.154151E-02,0.000000E+00,2.621166E+03,0.000000E+00,1.402090E-01,0.000000E+00,4.088608E+03,0.000000E+00,2.187040E-01,0.000000E+00,4.193689E+03,0.000000E+00,2.243249E-01,0.000000E+00
09:35:00,2.354353E+03,0.000000E+00,1.259369E-01,0.000000E+00,4.077118E+03,0.000000E+00,2.180894E-01,0.000000E+00,1.337004E+03,0.000000E+00,7.151776E-02,0.000000E+00,2.620618E+03,0.000000E+00,1.401796E-01,0.000000E+00,4.087511E+03,0.000000E+00,2.186453E-01,0.000000E+00,4.192531E+03,0.000000E+00,2.242629E-01,0.000000E+00
09:40:00,2.353799E+03,0.000000E+00,1.259072E-01,0.000000E+00,4.076032E+03,0.000000E+00,2.180313E-01,0.000000E+00,1.336574E+03,0.000000E+00,7.149476E-02,0.000000E+00,2.620086E+03,0.000000E+00,1.401512E-01,0.000000E+00,4.086448E+03,0.000000E+00,2.185884E-01,0.000000E+00,4.191409E+03,0.000000E+00,2.242029E-01,0.000000E+00
09:45:00,2.353262E+03,0.000000E+00,1.258785E-01,0.000000E+00,4.074980E+03,0.000000E+00,2.179750E-01,0.000000E+00,1.336157E+03,0.000000E+00,7.147247E-02,0.000000E+00,2.619572E+03,0.000000E+00,1.401237E-01,0.000000E+00,4.085418E+03,0.000000E+00,2.185333E-01,0.000000E+00,4.190323E+03,0.000000E+00,2.241448E-01,0.000000E+00
09:50:00,2.352741E+03,0.000000E+00,1.258506E-01,0.000000E+00,4.073960E+03,0.000000E+00,2.179205E-01,0.000000E+00,1.335753E+03,0.000000E+00,7.145087E-02,0.000000E+00,2.619074E+03,0.000000E+00,1.400970E-01,0.000000E+00,4.084420E+03,0.000000E+00,2.184800E-01,0.000000E+00,4.189270E+03,0.000000E+00,2.240885E-01,0.000000E+00
09:55:00,2.352237E+03,0.000000E+00,1.258236E-01,0.000000E+00,4.072971E+03,0.000000E+00,2.178676E-01,0.000000E+00,1.335362E+03,0.000000E+00,7.142993E-02,0.000000E+00,2.618590E+03,0.000000E+00,1.400712E-01,0.000000E+00,4.083452E+03,0.000000E+00,2.184282E-01,0.000000E+00,4.188250E+03,0.000000E+00,2.240339E-01,0.000000E+00
10:00:00,2.351747E+03,0.000000E+00,1.257974E-01,0.000000E+00,4.072012E+03,0.000000E+00,2.178162E-01,0.000000E+00,1.334982E+03,0.000000E+00,7.140961E-02,0.000000E+00,2.618122E+03,0.000000E+00,1.400461E-01,0.000000E+00,4.082514E+03,0.000000E+00,2.183780E-01,0.000000E+00,4.187261E+03,0.000000E+00,2.239810E-01,0.000000E+00
10:05:00,2.351272E+03,0.000000E+00,1.257721E-01,0.000000E+00,4.071081E+03,0.000000E+00,2.177664E-01,0.000000E+00,1.334614E+03,0.000000E+00,7.138991E-02,0.000000E+00,2.617668E+03,0.000000E+00,1.400218E-01,0.000000E+00,4.081604E+03,0.000000E+00,2.183293E-01,0.000000E+00,4.186302E+03,0.000000E+00,2.239297E-01,0.000000E+00
10:10:00,2.350812E+03,0.000000E+00,1.257474E-01,0.000000E+00,4.070177E+03,0.000000E+00,2.177181E-01,0.000000E+00,1.334256E+03,0.000000E+00,7.137078E-02,0.000000E+00,2.617227E+03,0.000000E+00,1.399982E-01,0.000000E+00,4.080720E+03,0.000000E+00,2.182820E-01,0.000000E+00,4.185371E+03,0.000000E+00,2.238799E-01,0.000000E+00
10:15:00,2.350364E+03,0.000000E+00,1.257235E-01,0.000000E+00,4.069300E+03,0.000000E+00,2.176712E-01,0.000000E+00,1.333909E+03,0.000000E+00,7.135221E-02,0.000000E+00,2.616799E+03,0.000000E+00,1.399753E-01,0.000000E+00,4.079862E+03,0.000000E+00,2.182362E-01,0.000000E+00,4.184467E+03,0.000000E+00,2.238316E-01,0.000000E+00
10:20:00,2.349930E+03,0.000000E+00,1.257003E-01,0.000000E+00,4.068448E+03,0.000000E+00,2.176256E-01,0.000000E+00,1.333572E+03,0.000000E+00,7.133419E-02,0.000000E+00,2.616384E+03,0.000000E+00,1.399531E-01,0.000000E+00,4.079030E+03,0.000000E+00,2.181916E-01,0.000000E+00,4.183590E+03,0.000000E+00,2.237847E-01,0.000000E+00
10:25:00,2.349509E+03,0.000000E+00,1.256777E-01,0.000000E+00,4.067619E+03,0.000000E+00,2.175813E-01,0.000000E+00,1.333245E+03,0.000000E+00,7.131667E-02,0.000000E+00,2.615980E+03,0.000000E+00,1.399316E-01,0.000000E+00,4.078221E+03,0.000000E+00,2.181483E-01,0.000000E+00,4.182739E+03,0.000000E+00,2.237391E-01,0.000000E+00
10:30:00,2.349099E+03,0.000000E+00,1.256558E-01,0.000000E+00,4.066814E+03,0.000000E+00,2.175382E-01,0.000000E+00,1.332926E+03,0.000000E+00,7.129964E-02,0.000000E+00,2.615588E+03,0.000000E+00,1.399106E-01,0.000000E+00,4.077434E+03,0.000000E+00,2.181063E-01,0.000000E+00,4.181911E+03,0.000000E+00,2.236948E-01,0.000000E+00
10:35:00,2.348700E+03,0.000000E+00,1.256345E-01,0.000000E+00,4.066032E+03,0.000000E+00,2.174963E-01,0.000000E+00,1.332617E+03,0.000000E+00,7.128310E-02,0.000000E+00,2.615207E+03,0.000000E+00,1.398902E-01,0.000000E+00,4.076670E+03,0.000000E+00,2.180654E-01,0.000000E+00,4.181107E+03,0.000000E+00,2.236518E-01,0.000000E+00
10:40:00,2.348313E+03,0.000000E+00,1.256137E-01,0.000000E+00,4.065270E+03,0.000000E+00,2.174556E-01,0.000000E+00,1.332316E+03,0.000000E+00,7.126700E-02,0.000000E+00,2.614837E+03,0.000000E+00,1.398704E-01,0.000000E+00,4.075927E+03,0.000000E+00,2.180256E-01,0.000000E+00,4.180325E+03,0.000000E+00,2.236100E-01,0.000000E+00
10:45:00,2.347936E+03,0.000000E+00,1.255936E-01,0.000000E+00,4.064529E+03,0.000000E+00,2.174160E-01,0.000000E+00,1.332023E+03,0.000000E+00,7.125134E-02,0.000000E+00,2.614477E+03,0.000000E+00,1.398511E-01,0.000000E+00,4.075204E+03,0.000000E+00,2.179870E-01,0.000000E+00,4.179564E+03,0.000000E+00,2.235693E-01,0.000000E+00
10:50:00,2.347569E+03,0.000000E+00,1.255740E-01,0.000000E+00,4.063808E+03,0.000000E+00,2.173774E-01,0.000000E+00,1.331739E+03,0.000000E+00,7.123611E-02,0.000000E+00,2.614127E+03,0.000000E+00,1.398324E-01,0.000000E+00,4.074500E+03,0.000000E+00,2.179493E-01,0.000000E+00,4.178825E+03,0.000000E+00,2.235298E-01,0.000000E+00
10:55:00,2.347212E+03,0.000000E+00,1.255549E-01,0.000000E+00,4.063106E+03,0.000000E+00,2.173399E-01,0.000000E+00,1.331461E+03,0.000000E+00,7.122128E-02,0.000000E+00,2.613786E+03,0.000000E+00,1.398142E-01,0.000000E+00,4.073815E+03,0.000000E+00,2.179127E-01,0.000000E+00,4.178105E+03,0.000000E+00,2.234913E-01,0.000000E+00
11:00:00,2.346865E+03,0.000000E+00,1.255363E-01,0.000000E+00,4.062422E+03,0.000000E+00,2.173033E-01,0.000000E+00,1.331191E+03,0.000000E+00,7.120683E-02,0.000000E+00,2.613453E+03,0.000000E+00,1.397964E-01,0.000000E+00,4.073148E+03,0.000000E+00,2.178770E-01,0.000000E+00,4.177404E+03,0.000000E+00,2.234538E-01,0.000000E+00
11:05:00,2.346526E+03,0.000000E+00,1.255182E-01,0.000000E+00,4.061756E+03,0.000000E+00,2.172676E-01,0.000000E+00,1.330928E+03,0.000000E+00,7.119276E-02,0.000000E+00,2.613130E+03,0.000000E+00,1.397791E-01,0.000000E+00,4.072499E+03,0.000000E+00,2.178423E-01,0.000000E+00,4.176721E+03,0.000000E+00,2.234172E-01,0.000000E+00
11:10:00,2.346197E+03,0.000000E+00,1.255005E-01,0.000000E+00,4.061107E+03,0.000000E+00,2.172329E-01,0.000000E+00,1.330672E+03,0.000000E+00,7.117905E-02,0.000000E+00,2.612815E+03,0.000000E+00,1.397623E-01,0.000000E+00,4.071865E+03,0.000000E+00,2.178084E-01,0.000000E+00,4.176056E+03,0.000000E+00,2.233817E-01,0.000000E+00
11:15:00,2.345875E+03,0.000000E+00,1.254833E-01,0.000000E+00,4.060474E+03,0.000000E+00,2.171990E-01,0.000000E+00,1.330422E+03,0.000000E+00,7.116568E-02,0.000000E+00,2.612508E+03,0.000000E+00,1.397458E-01,0.000000E+00,4.071248E+03,0.000000E+00,2.177754E-01,0.000000E+00,4.175408E+03,0.000000E+00,2.233470E-01,0.000000E+00
11:20:00,2.345562E+03,0.000000E+00,1.254666E-01,0.000000E+00,4.059856E+03,0.000000E+00,2.171660E-01,0.000000E+00,1.330178E+03,0.000000E+00,7.115265E-02,0.000000E+00,2.612209E+03,0.000000E+00,1.397298E-01,0.000000E+00,4.070647E+03,0.000000E+00,2.177432E-01,0.000000E+00,4.174777E+03,0.000000E+00,2.233132E-01,0.000000E+00
11:25:00,2.345256E+03,0.000000E+00,1.254502E-01,0.000000E+00,4.059254E+03,0.000000E+00,2.171338E-01,0.000000E+00,1.329941E+03,0.000000E+00,7.113994E-02,0.000000E+00,2.611917E+03,0.000000E+00,1.397142E-01,0.000000E+00,4.070060E+03,0.000000E+00,2.177118E-01,0.000000E+00,4.174161E+03,0.000000E+00,2.232803E-01,0.000000E+00
11:30:00,2.344958E+03,0.000000E+00,1.254343E-01,0.000000E+00,4.058666E+03,0.000000E+00,2.171024E-01,0.000000E+00,1.329709E+03,0.000000E+00,7.112754E-02,0.000000E+00,2.611633E+03,0.000000E+00,1.396990E-01,0.000000E+00,4.069487E+03,0.000000E+00,2.176812E-01,0.000000E+00,4.173560E+03,0.000000E+00,2.232481E-01,0.000000E+00
11:35:00,2.344667E+03,0.000000E+00,1.254187E-01,0.000000E+00,4.058092E+03,0.000000E+00,2.170717E-01,0.000000E+00,1.329483E+03,0.000000E+00,7.111543E-02,0.000000E+00,2.611355E+03,0.000000E+00,1.396841E-01,0.000000E+00,4.068929E+03,0.000000E+00,2.176513E-01,0.000000E+00,4.172973E+03,0.000000E+00,2.232168E-01,0.000000E+00
11:40:00,2.344383E+03,0.000000E+00,1.254035E-01,0.000000E+00,4.057532E+03,0.000000E+00,2.170417E-01,0.000000E+00,1.329262E+03,0.000000E+00,7.110362E-02,0.000000E+00,2.611084E+03,0.000000E+00,1.396696E-01,0.000000E+00,4.068383E+03,0.000000E+00,2.176221E-01,0.000000E+00,4.172401E+03,0.000000E+00,2.231862E-01,0.000000E+00
11:45:00,2.344105E+03,0.000000E+00,1.253887E-01,0.000000E+00,4.056985E+03,0.000000E+00,2.170124E-01,0.000000E+00,1.329046E+03,0.000000E+00,7.109207E-02,0.000000E+00,2.610819E+03,0.000000E+00,1.396555E-01,0.000000E+00,4.067850E+03,0.000000E+00,2.175936E-01,0.000000E+00,4.171842E+03,0.000000E+00,2.231563E-01,0.000000E+00
11:50:00,2.343834E+03,0.000000E+00,1.253742E-01,0.000000E+00,4.056450E+03,0.000000E+00,2.169838E-01,0.000000E+00,1.328835E+03,0.000000E+00,7.108080E-02,0.000000E+00,2.610561E+03,0.000000E+00,1.396417E-01,0.000000E+00,4.067330E+03,0.000000E+00,2.175658E-01,0.000000E+00,4.171297E+03,0.000000E+00,2.231271E-01,0.000000E+00
11:55:00,2.343569E+03,0.000000E+00,1.253600E-01,0.000000E+00,4.055928E+03,0.000000E+00,2.169559E-01,0.000000E+00,1.328629E+03,0.000000E+00,7.106978E-02,0.000000E+00,2.610308E+03,0.000000E+00,1.396282E-01,0.000000E+00,4.066822E+03,0.000000E+00,2.175386E-01,0.000000E+00,4.170763E+03,0.000000E+00,2.230986E-01,0.000000E+00
12:00:00,2.343310E+03,0.000000E+00,1.253462E-01,0.000000E+00,4.055417E+03,0.000000E+00,2.169286E-01,0.000000E+00,1.328428E+03,0.000000E+00,7.105902E-02,0.000000E+00,2.610061E+03,0.000000E+00,1.396150E-01,0.000000E+00,4.066325E+03,0.000000E+00,2.175120E-01,0.000000E+00,4.170242E+03,0.000000E+00,2.230707E-01,0.000000E+00
12:05:00,2.343058E+03,0.000000E+00,1.253326E-01,0.000000E+00,4.054918E+03,0.000000E+00,2.169018E-01,0.000000E+00,1.328231E+03,0.000000E+00,7.104849E-02,0.000000E+00,2.609820E+03,0.000000E+00,1.396021E-01,0.000000E+00,4.065839E+03,0.000000E+00,2.174860E-01,0.000000E+00,4.169733E+03,0.000000E+00,2.230434E-01,0.000000E+00
12:10:00,2.342810E+03,0.000000E+00,1.253194E-01,0.000000E+00,4.054429E+03,0.000000E+00,2.168757E-01,0.000000E+00,1.328039E+03,0.000000E+00,7.103819E-02,0.000000E+00,2.609584E+03,0.000000E+00,1.395894E-01,0.000000E+00,4.065364E+03,0.000000E+00,2.174606E-01,0.000000E+00,4.169235E+03,0.000000E+00,2.230168E-01,0.000000E+00
12:15:00,2.342568E+03,0.000000E+00,1.253064E-01,0.000000E+00,4.053951E+03,0.000000E+00,2.168502E-01,0.000000E+00,1.327850E+03,0.000000E+00,7.102812E-02,0.000000E+00,2.609354E+03,0.000000E+00,1.395771E-01,0.000000E+00,4.064899E+03,0.000000E+00,2.174358E-01,0.000000E+00,4.168748E+03,0.000000E+00,2.229907E-01,0.000000E+00
12:20:00,2.342331E+03,0.000000E+00,1.252938E-01,0.000000E+00,4.053484E+03,0.000000E+00,2.168251E-01,0.000000E+00,1.327666E+03,0.000000E+00,7.101827E-02,0.000000E+00,2.609128E+03,0.000000E+00,1.395650E-01,0.000000E+00,4.064444E+03,0.000000E+00,2.174114E-01,0.000000E+00,4.168272E+03,0.000000E+00,2.229653E-01,0.000000E+00
12:25:00,2.342099E+03,0.000000E+00,1.252814E-01,0.000000E+00,4.053026E+03,0.000000E+00,2.168006E-01,0.000000E+00,1.327486E+03,0.000000E+00,7.100862E-02,0.000000E+00,2.608907E+03,0.000000E+00,1.395532E-01,0.000000E+00,4.063999E+03,0.000000E+00,2.173876E-01,0.000000E+00,4.167805E+03,0.000000E+00,2.229403E-01,0.000000E+00
12:30:00,2.341872E+03,0.000000E+00,1.252692E-01,0.000000E+00,4.052577E+03,0.000000E+00,2.167767E-01,0.000000E+00,1.327309E+03,0.000000E+00,7.099917E-02,0.000000E+00,2.608691E+03,0.000000E+00,1.395416E-01,0.000000E+00,4.063563E+03,0.000000E+00,2.173643E-01,0.000000E+00,4.167349E+03,0.000000E+00,2.229159E-01,0.000000E+00
12:35:00,2.341650E+03,0.000000E+00,1.252574E-01,0.000000E+00,4.052139E+03,0.000000E+00,2.167532E-01,0.000000E+00,1.327136E+03,0.000000E+00,7.098993E-02,0.000000E+00,2.608479E+03,0.000000E+00,1.395303E-01,0.000000E+00,4.063137E+03,0.000000E+00,2.173415E-01,0.000000E+00,4.166902E+03,0.000000E+00,2.228920E-01,0.000000E+00
12:40:00,2.341433E+03,0.000000E+00,1.252457E-01,0.000000E+00,4.051708E+03,0.000000E+00,2.167302E-01,0.000000E+00,1.326967E+03,0.000000E+00,7.098087E-02,0.000000E+00,2.608272E+03,0.000000E+00,1.395192E-01,0.000000E+00,4.062719E+03,0.000000E+00,2.173191E-01,0.000000E+00,4.166464E+03,0.000000E+00,2.228686E-01,0.000000E+00
12:45:00,2.341219E+03,0.000000E+00,1.252343E-01,0.000000E+00,4.051287E+03,0.000000E+00,2.167076E-01,0.000000E+00,1.326801E+03,0.000000E+00,7.097199E-02,0.000000E+00,2.608069E+03,0.000000E+00,1.395084E-01,0.000000E+00,4.062309E+03,0.000000E+00,2.172972E-01,0.000000E+00,4.166035E+03,0.000000E+00,2.228456E-01,0.000000E+00
12:50:00,2.341011E+03,0.000000E+00,1.252231E-01,0.000000E+00,4.050874E+03,0.000000E+00,2.166855E-01,0.000000E+00,1.326638E+03,0.000000E+00,7.096330E-02,0.000000E+00,2.607870E+03,0.000000E+00,1.394977E-01,0.000000E+00,4.061908E+03,0.000000E+00,2.172758E-01,0.000000E+00,4.165615E+03,0.000000E+00,2.228232E-01,0.000000E+00
12:55:00,2.340806E+03,0.000000E+00,1.252122E-01,0.000000E+00,4.050469E+03,0.000000E+00,2.166639E-01,0.000000E+00,1.326479E+03,0.000000E+00,7.095477E-02,0.000000E+00,2.607675E+03,0.000000E+00,1.394873E-01,0.000000E+00,4.061515E+03,0.000000E+00,2.172548E-01,0.000000E+00,4.165204E+03,0.000000E+00,2.228012E-01,0.000000E+00
13:00:00,2.340605E+03,0.000000E+00,1.252014E-01,0.000000E+00,4.050072E+03,0.000000E+00,2.166427E-01,0.000000E+00,1.326323E+03,0.000000E+00,7.094642E-02,0.000000E+00,2.607484E+03,0.000000E+00,1.394771E-01,0.000000E+00,4.061130E+03,0.000000E+00,2.172341E-01,0.000000E+00,4.164800E+03,0.000000E+00,2.227796E-01,0.000000E+00
13:05:00,2.340408E+03,0.000000E+00,1.251909E-01,0.000000E+00,4.049683E+03,0.000000E+00,2.166218E-01,0.000000E+00,1.326170E+03,0.000000E+00,7.093822E-02,0.000000E+00,2.607297E+03,0.000000E+00,1.394671E-01,0.000000E+00,4.060752E+03,0.000000E+00,2.172139E-01,0.000000E+00,4.164404E+03,0.000000E+00,2.227584E-01,0.000000E+00
13:10:00,2.340215E+03,0.000000E+00,1.251806E-01,0.000000E+00,4.049301E+03,0.000000E+00,2.166014E-01,0.000000E+00,1.326019E+03,0.000000E+00,7.093018E-02,0.000000E+00,2.607113E+03,0.000000E+00,1.394572E-01,0.000000E+00,4.060381E+03,0.000000E+00,2.171941E-01,0.000000E+00,4.164016E+03,0.000000E+00,2.227376E-01,0.000000E+00
13:15:00,2.340025E+03,0.000000E+00,1.251704E-01,0.000000E+00,4.048927E+03,0.000000E+00,2.165814E-01,0.000000E+00,1.325872E+03,0.000000E+00,7.092230E-02,0.000000E+00,2.606933E+03,0.000000E+00,1.394476E-01,0.000000E+00,4.060017E+03,0.000000E+00,2.171746E-01,0.000000E+00,4.163635E+03,0.000000E+00,2.227173E-01,0.000000E+00
13:20:00,2.339840E+03,0.000000E+00,1.251605E-01,0.000000E+00,4.048559E+03,0.000000E+00,2.165617E-01,0.000000E+00,1.325727E+03,0.000000E+00,7.091456E-02,0.000000E+00,2.606756E+03,0.000000E+00,1.394381E-01,0.000000E+00,4.059661E+03,0.000000E+00,2.171555E-01,0.000000E+00,4.163262E+03,0.000000E+00,2.226973E-01,0.000000E+00
13:25:00,2.339657E+03,0.000000E+00,1.251507E-01,0.000000E+00,4.048198E+03,0.000000E+00,2.165424E-01,0.000000E+00,1.325585E+03,0.000000E+00,7.090697E-02,0.000000E+00,2.606582E+03,0.000000E+00,1.394289E-01,0.000000E+00,4.059310E+03,0.000000E+00,2.171368E-01,0.000000E+00,4.162895E+03,0.000000E+00,2.226777E-01,0.000000E+00
13:30:00,2.339478E+03,0.000000E+00,1.251412E-01,0.000000E+00,4.047844E+03,0.000000E+00,2.165235E-01,0.000000E+00,1.325446E+03,0.000000E+00,7.089951E-02,0.000000E+00,2.606412E+03,0.000000E+00,1.394197E-01,0.000000E+00,4.058967E+03,0.000000E+00,2.171184E-01,0.000000E+00,4.162535E+03,0.000000E+00,2.226584E-01,0.000000E+00
13:35:00,2.339302E+03,0.000000E+00,1.251318E-01,0.000000E+00,4.047496E+03,0.000000E+00,2.165049E-01,0.000000E+00,1.325309E+03,0.000000E+00,7.089219E-02,0.000000E+00,2.606245E+03,0.000000E+00,1.394108E-01,0.000000E+00,4.058629E+03,0.000000E+00,2.171004E-01,0.000000E+00,4.162182E+03,0.000000E+00,2.226395E-01,0.000000E+00
13:40:00,2.339129E+03,0.000000E+00,1.251225E-01,0.000000E+00,4.047154E+03,0.000000E+00,2.164866E-01,0.000000E+00,1.325175E+03,0.000000E+00,7.088500E-02,0.000000E+00,2.606081E+03,0.000000E+00,1.394020E-01,0.000000E+00,4.058298E+03,0.000000E+00,2.170826E-01,0.000000E+00,4.161835E+03,0.000000E+00,2.226210E-01,0.000000E+00
13:45:00,2.338960E+03,0.000000E+00,1.251134E-01,0.000000E+00,4.046819E+03,0.000000E+00,2.164686E-01,0.000000E+00,1.325043E+03,0.000000E+00,7.087794E-02,0.000000E+00,2.605919E+03,0.000000E+00,1.393934E-01,0.000000E+00,4.057972E+03,0.000000E+00,2.170652E-01,0.000000E+00,4.161494E+03,0.000000E+00,2.226027E-01,0.000000E+00
13:50:00,2.338793E+03,0.000000E+00,1.251045E-01,0.000000E+00,4.046489E+03,0.000000E+00,2.164510E-01,0.000000E+00,1.324913E+03,0.000000E+00,7.087101E-02,0.000000E+00,2.605761E+03,0.000000E+00,1.393849E-01,0.000000E+00,4.057653E+03,0.000000E+00,2.170481E-01,0.000000E+00,4.161160E+03,0.000000E+00,2.225848E-01,0.000000E+00
13:55:00,2.338630E+03,0.000000E+00,1.250958E-01,0.000000E+00,4.046165E+03,0.000000E+00,2.164337E-01,0.000000E+00,1.324786E+03,0.000000E+00,7.086420E-02,0.000000E+00,2.605605E+03,0.000000E+00,1.393766E-01,0.000000E+00,4.057338E+03,0.000000E+00,2.170313E-01,0.000000E+00,4.160831E+03,0.000000E+00,2.225673E-01,0.000000E+00
14:00:00,2.338469E+03,0.000000E+00,1.250872E-01,0.000000E+00,4.045847E+03,0.000000E+00,2.164167E-01,0.000000E+00,1.324661E+03,0.000000E+00,7.085750E-02,0.000000E+00,2.605452E+03,0.000000E+00,1.393684E-01,0.000000E+00,4.057030E+03,0.000000E+00,2.170148E-01,0.000000E+00,4.160508E+03,0.000000E+00,2.225500E-01,0.000000E+00
14:05:00,2.338310E+03,0.000000E+00,1.250787E-01,0.000000E+00,4.045534E+03,0.000000E+00,2.163999E-01,0.000000E+00,1.324538E+03,0.000000E+00,7.085092E-02,0.000000E+00,2.605302E+03,0.000000E+00,1.393604E-01,0.000000E+00,4.056727E+03,0.000000E+00,2.169986E-01,0.000000E+00,4.160190E+03,0.000000E+00,2.225330E-01,0.000000E+00
14:10:00,2.338155E+03,0.000000E+00,1.250704E-01,0.000000E+00,4.045227E+03,0.000000E+00,2.163835E-01,0.000000E+00,1.324417E+03,0.000000E+00,7.084445E-02,0.000000E+00,2.605154E+03,0.000000E+00,1.393525E-01,0.000000E+00,4.056428E+03,0.000000E+00,2.169827E-01,0.000000E+00,4.159878E+03,0.000000E+00,2.225163E-01,0.000000E+00
14:15:00,2.338002E+03,0.000000E+00,1.250622E-01,0.000000E+00,4.044924E+03,0.000000E+00,2.163673E-01,0.000000E+00,1.324298E+03,0.000000E+00,7.083809E-02,0.000000E+00,2.605009E+03,0.000000E+00,1.393447E-01,0.000000E+00,4.056135E+03,0.000000E+00,2.169670E-01,0.000000E+00,4.159571E+03,0.000000E+00,2.224999E-01,0.000000E+00
14:20:00,2.337852E+03,0.000000E+00,1.250542E-01,0.000000E+00,4.044627E+03,0.000000E+00,2.163514E-01,0.000000E+00,1.324181E+03,0.000000E+00,7.083184E-02,0.000000E+00,2.604867E+03,0.000000E+00,1.393371E-01,0.000000E+00,4.055847E+03,0.000000E+00,2.169516E-01,0.000000E+00,4.159269E+03,0.000000E+00,2.224837E-01,0.000000E+00
14:25:00,2.337704E+03,0.000000E+00,1.250463E-01,0.000000E+00,4.044335E+03,0.000000E+00,2.163357E-01,0.000000E+00,1.324066E+03,0.000000E+00,7.082569E-02,0.000000E+00,2.604726E+03,0.000000E+00,1.393296E-01,0.000000E+00,4.055564E+03,0.000000E+00,2.169364E-01,0.000000E+00,4.158972E+03,0.000000E+00,2.224678E-01,0.000000E+00
14:30:00,2.337559E+03,0.000000E+00,1.250385E-01,0.000000E+00,4.044047E+03,0.000000E+00,2.163204E-01,0.000000E+00,1.323953E+03,0.000000E+00,7.081963E-02,0.000000E+00,2.604588E+03,0.000000E+00,1.393222E-01,0.000000E+00,4.055285E+03,0.000000E+00,2.169215E-01,0.000000E+00,4.158680E+03,0.000000E+00,2.224522E-01,0.000000E+00
14:35:00,2.337416E+03,0.000000E+00,1.250308E-01,0.000000E+00,4.043764E+03,0.000000E+00,2.163052E-01,0.000000E+00,1.323841E+03,0.000000E+00,7.081368E-02,0.000000E+00,2.604452E+03,0.000000E+00,1.393149E-01,0.000000E+00,4.055011E+03,0.000000E+00,2.169068E-01,0.000000E+00,4.158393E+03,0.000000E+00,2.224369E-01,0.000000E+00
14:40:00,2.337275E+03,0.000000E+00,1.250233E-01,0.000000E+00,4.043486E+03,0.000000E+00,2.162903E-01,0.000000E+00,1.323732E+03,0.000000E+00,7.080783E-02,0.000000E+00,2.604319E+03,0.000000E+00,1.393078E-01,0.000000E+00,4.054741E+03,0.000000E+00,2.168924E-01,0.000000E+00,4.158111E+03,0.000000E+00,2.224218E-01,0.000000E+00
14:45:00,2.337136E+03,0.000000E+00,1.250159E-01,0.000000E+00,4.043212E+03,0.000000E+00,2.162757E-01,0.000000E+00,1.323624E+03,0.000000E+00,7.080207E-02,0.000000E+00,2.604187E+03,0.000000E+00,1.393007E-01,0.000000E+00,4.054475E+03,0.000000E+00,2.168782E-01,0.000000E+00,4.157833E+03,0.000000E+00,2.224069E-01,0.000000E+00
14:50:00,2.337000E+03,0.000000E+00,1.250086E-01,0.000000E+00,4.042942E+03,0.000000E+00,2.162613E-01,0.000000E+00,1.323518E+03,0.000000E+00,7.079640E-02,0.000000E+00,2.604058E+03,0.000000E+00,1.392938E-01,0.000000E+00,4.054214E+03,0.000000E+00,2.168642E-01,0.000000E+00,4.157559E+03,0.000000E+00,2.223922E-01,0.000000E+00
14:55:00,2.336866E+03,0.000000E+00,1.250014E-01,0.000000E+00,4.042677E+03,0.000000E+00,2.162471E-01,0.000000E+00,1.323414E+03,0.000000E+00,7.079081E-02,0.000000E+00,2.603930E+03,0.000000E+00,1.392870E-01,0.000000E+00,4.053957E+03,0.000000E+00,2.168505E-01,0.000000E+00,4.157290E+03,0.000000E+00,2.223778E-01,0.000000E+00
15:00:00,2.336734E+03,0.000000E+00,1.249944E-01,0.000000E+00,4.042415E+03,0.000000E+00,2.162331E-01,0.000000E+00,1.323311E+03,0.000000E+00,7.078532E-02,0.000000E+00,2.603805E+03,0.000000E+00,1.392803E-01,0.000000E+00,4.053704E+03,0.000000E+00,2.168369E-01,0.000000E+00,4.157025E+03,0.000000E+00,2.223637E-01,0.000000E+00
15:05:00,2.336604E+03,0.000000E+00,1.249874E-01,0.000000E+00,4.042158E+03,0.000000E+00,2.162193E-01,0.000000E+00,1.323210E+03,0.000000E+00,7.077991E-02,0.000000E+00,2.603682E+03,0.000000E+00,1.392737E-01,0.000000E+00,4.053455E+03,0.000000E+00,2.168236E-01,0.000000E+00,4.156764E+03,0.000000E+00,2.223497E-01,0.000000E+00
15:10:00,2.336476E+03,0.000000E+00,1.249806E-01,0.000000E+00,4.041905E+03,0.000000E+00,2.162058E-01,0.000000E+00,1.323111E+03,0.000000E+00,7.077459E-02,0.000000E+00,2.603560E+03,0.000000E+00,1.392672E-01,0.000000E+00,4.053209E+03,0.000000E+00,2.168105E-01,0.000000E+00,4.156507E+03,0.000000E+00,2.223359E-01,0.000000E+00
15:15:00,2.336349E+03,0.000000E+00,1.249738E-01,0.000000E+00,4.041656E+03,0.000000E+00,2.161924E-01,0.000000E+00,1.323013E+03,0.000000E+00,7.076934E-02,0.000000E+00,2.603441E+03,0.000000E+00,1.392608E-01,0.000000E+00,4.052968E+03,0.000000E+00,2.167976E-01,0.000000E+00,4.156253E+03,0.000000E+00,2.223224E-01,0.000000E+00
15:20:00,2.336225E+03,0.000000E+00,1.249672E-01,0.000000E+00,4.041410E+03,0.000000E+00,2.161793E-01,0.000000E+00,1.322916E+03,0.000000E+00,7.076418E-02,0.000000E+00,2.603323E+03,0.000000E+00,1.392545E-01,0.000000E+00,4.052730E+03,0.000000E+00,2.167848E-01,0.000000E+00,4.156004E+03,0.000000E+00,2.223091E-01,0.000000E+00
15:25:00,2.336103E+03,0.000000E+00,1.249606E-01,0.000000E+00,4.041168E+03,0.000000E+00,2.161664E-01,0.000000E+00,1.322821E+03,0.000000E+00,7.075909E-02,0.000000E+00,2.603207E+03,0.000000E+00,1.392483E-01,0.000000E+00,4.052496E+03,0.000000E+00,2.167723E-01,0.000000E+00,4.155759E+03,0.000000E+00,2.222959E-01,0.000000E+00
15:30:00,2.335982E+03,0.000000E+00,1.249542E-01,0.000000E+00,4.040930E+03,0.000000E+00,2.161536E-01,0.000000E+00,1.322727E+03,0.000000E+00,7.075408E-02,0.000000E+00,2.603093E+03,0.000000E+00,1.392422E-01,0.000000E+00,4.052265E+03,0.000000E+00,2.167600E-01,0.000000E+00,4.155517E+03,0.000000E+00,2.222830E-01,0.000000E+00
15:35:00,2.335864E+03,0.000000E+00,1.249478E-01,0.000000E+00,4.040695E+03,0.000000E+00,2.161411E-01,0.000000E+00,1.322635E+03,0.000000E+00,7.074914E-02,0.000000E+00,2.602980E+03,0.000000E+00,1.392362E-01,0.000000E+00,4.052038E+03,0.000000E+00,2.167478E-01,0.000000E+00,4.155278E+03,0.000000E+00,2.222702E-01,0.000000E+00
15:40:00,2.335747E+03,0.000000E+00,1.249416E-01,0.000000E+00,4.040464E+03,0.000000E+00,2.161287E-01,0.000000E+00,1.322544E+03,0.000000E+00,7.074428E-02,0.000000E+00,2.602869E+03,0.000000E+00,1.392302E-01,0.000000E+00,4.051814E+03,0.000000E+00,2.167358E-01,0.000000E+00,4.155044E+03,0.000000E+00,2.222577E-01,0.000000E+00
15:45:00,2.335631E+03,0.000000E+00,1.249354E-01,0.000000E+00,4.040236E+03,0.000000E+00,2.161165E-01,0.000000E+00,1.322454E+03,0.000000E+00,7.073949E-02,0.000000E+00,2.602760E+03,0.000000E+00,1.392244E-01,0.000000E+00,4.051593E+03,0.000000E+00,2.167240E-01,0.000000E+00,4.154812E+03,0.000000E+00,2.222453E-01,0.000000E+00
15:50:00,2.335518E+03,0.000000E+00,1.249293E-01,0.000000E+00,4.040012E+03,0.000000E+00,2.161045E-01,0.000000E+00,1.322366E+03,0.000000E+00,7.073477E-02,0.000000E+00,2.602652E+03,0.000000E+00,1.392186E-01,0.000000E+00,4.051376E+03,0.000000E+00,2.167124E-01,0.000000E+00,4.154584E+03,0.000000E+00,2.222331E-01,0.000000E+00
15:55:00,2.335406E+03,0.000000E+00,1.249233E-01,0.000000E+00,4.039790E+03,0.000000E+00,2.160927E-01,0.000000E+00,1.322279E+03,0.000000E+00,7.073012E-02,0.000000E+00,2.602546E+03,0.000000E+00,1.392129E-01,0.000000E+00,4.051162E+03,0.000000E+00,2.167009E-01,0.000000E+00,4.154360E+03,0.000000E+00,2.222211E-01,0.000000E+00
16:00:00,2.335295E+03,0.000000E+00,1.249174E-01,0.000000E+00,4.039572E+03,0.000000E+00,2.160810E-01,0.000000E+00,1.322193E+03,0.000000E+00,7.072553E-02,0.000000E+00,2.602441E+03,0.000000E+00,1.392074E-01,0.000000E+00,4.050951E+03,0.000000E+00,2.166897E-01,0.000000E+00,4.154138E+03,0.000000E+00,2.222093E-01,0.000000E+00
16:05:00,2.335187E+03,0.000000E+00,1.249116E-01,0.000000E+00,4.039357E+03,0.000000E+00,2.160695E-01,0.000000E+00,1.322109E+03,0.000000E+00,7.072101E-02,0.000000E+00,2.602338E+03,0.000000E+00,1.392018E-01,0.000000E+00,4.050743E+03,0.000000E+00,2.166785E-01,0.000000E+00,4.153920E+03,0.000000E+00,2.221976E-01,0.000000E+00
16:10:00,2.335079E+03,0.000000E+00,1.249059E-01,0.000000E+00,4.039146E+03,0.000000E+00,2.160582E-01,0.000000E+00,1.322026E+03,0.000000E+00,7.071656E-02,0.000000E+00,2.602237E+03,0.000000E+00,1.391964E-01,0.000000E+00,4.050538E+03,0.000000E+00,2.166676E-01,0.000000E+00,4.153705E+03,0.000000E+00,2.221861E-01,0.000000E+00
16:15:00,2.334974E+03,0.000000E+00,1.249002E-01,0.000000E+00,4.038937E+03,0.000000E+00,2.160470E-01,0.000000E+00,1.321944E+03,0.000000E+00,7.071216E-02,0.000000E+00,2.602137E+03,0.000000E+00,1.391910E-01,0.000000E+00,4.050336E+03,0.000000E+00,2.166567E-01,0.000000E+00,4.153493E+03,0.000000E+00,2.221747E-01,0.000000E+00
16:20:00,2.334869E+03,0.000000E+00,1.248946E-01,0.000000E+00,4.038731E+03,0.000000E+00,2.160360E-01,0.000000E+00,1.321863E+03,0.000000E+00,7.070783E-02,0.000000E+00,2.602038E+03,0.000000E+00,1.391858E-01,0.000000E+00,4.050136E+03,0.000000E+00,2.166461E-01,0.000000E+00,4.153283E+03,0.000000E+00,2.221635E-01,0.000000E+00
16:25:00,2.334767E+03,0.000000E+00,1.248891E-01,0.000000E+00,4.038528E+03,0.000000E+00,2.160251E-01,0.000000E+00,1.321783E+03,0.000000E+00,7.070356E-02,0.000000E+00,2.601941E+03,0.000000E+00,1.391806E-01,0.000000E+00,4.049940E+03,0.000000E+00,2.166356E-01,0.000000E+00,4.153077E+03,0.000000E+00,2.221525E-01,0.000000E+00
16:30:00,2.334665E+03,0.000000E+00,1.248837E-01,0.000000E+00,4.038328E+03,0.000000E+00,2.160144E-01,0.000000E+00,1.321704E+03,0.000000E+00,7.069935E-02,0.000000E+00,2.601845E+03,0.000000E+00,1.391754E-01,0.000000E+00,4.049746E+03,0.000000E+00,2.166252E-01,0.000000E+00,4.152874E+03,0.000000E+00,2.221416E-01,0.000000E+00
16:35:00,2.334565E+03,0.000000E+00,1.248784E-01,0.000000E+00,4.038130E+03,0.000000E+00,2.160039E-01,0.000000E+00,1.321627E+03,0.000000E+00,7.069520E-02,0.000000E+00,2.601750E+03,0.000000E+00,1.391704E-01,0.000000E+00,4.049555E+03,0.000000E+00,2.166150E-01,0.000000E+00,4.152673E+03,0.000000E+00,2.221309E-01,0.000000E+00
16:40:00,2.334467E+03,0.000000E+00,1.248731E-01,0.000000E+00,4.037936E+03,0.000000E+00,2.159935E-01,0.000000E+00,1.321550E+03,0.000000E+00,7.069111E-02,0.000000E+00,2.601657E+03,0.000000E+00,1.391654E-01,0.000000E+00,4.049367E+03,0.000000E+00,2.166049E-01,0.000000E+00,4.152475E+03,0.000000E+00,2.221203E-01,0.000000E+00
16:45:00,2.334369E+03,0.000000E+00,1.248679E-01,0.000000E+00,4.037744E+03,0.000000E+00,2.159832E-01,0.000000E+00,1.321475E+03,0.000000E+00,7.068707E-02,0.000000E+00,2.601565E+03,0.000000E+00,1.391604E-01,0.000000E+00,4.049181E+03,0.000000E+00,2.165950E-01,0.000000E+00,4.152280E+03,0.000000E+00,2.221099E-01,0.000000E+00
16:50:00,2.334273E+03,0.000000E+00,1.248628E-01,0.000000E+00,4.037555E+03,0.000000E+00,2.159731E-01,0.000000E+00,1.321400E+03,0.000000E+00,7.068309E-02,0.000000E+00,2.601474E+03,0.000000E+00,1.391556E-01,0.000000E+00,4.048998E+03,0.000000E+00,2.165852E-01,0.000000E+00,4.152088E+03,0.000000E+00,2.220996E-01,0.000000E+00
16:55:00,2.334179E+03,0.000000E+00,1.248577E-01,0.000000E+00,4.037368E+03,0.000000E+00,2.159631E-01,0.000000E+00,1.321327E+03,0.000000E+00,7.067916E-02,0.000000E+00,2.601384E+03,0.000000E+00,1.391508E-01,0.000000E+00,4.048817E+03,0.000000E+00,2.165755E-01,0.000000E+00,4.151898E+03,0.000000E+00,2.220894E-01,0.000000E+00
17:00:00,2.334085E+03,0.000000E+00,1.248527E-01,0.000000E+00,4.037184E+03,0.000000E+00,2.159532E-01,0.000000E+00,1.321254E+03,0.000000E+00,7.067529E-02,0.000000E+00,2.601296E+03,0.000000E+00,1.391461E-01,0.000000E+00,4.048639E+03,0.000000E+00,2.165660E-01,0.000000E+00,4.151710E+03,0.000000E+00,2.220794E-01,0.000000E+00
17:05:00,2.333993E+03,0.000000E+00,1.248478E-01,0.000000E+00,4.037002E+03,0.000000E+00,2.159435E-01,0.000000E+00,1.321183E+03,0.000000E+00,7.067147E-02,0.000000E+00,2.601209E+03,0.000000E+00,1.391414E-01,0.000000E+00,4.048463E+03,0.000000E+00,2.165566E-01,0.000000E+00,4.151526E+03,0.000000E+00,2.220695E-01,0.000000E+00
17:10:00,2.333902E+03,0.000000E+00,1.248429E-01,0.000000E+00,4.036823E+03,0.000000E+00,2.159339E-01,0.000000E+00,1.321112E+03,0.000000E+00,7.066770E-02,0.000000E+00,2.601123E+03,0.000000E+00,1.391368E-01,0.000000E+00,4.048290E+03,0.000000E+00,2.165473E-01,0.000000E+00,4.151343E+03,0.000000E+00,2.220598E-01,0.000000E+00
17:15:00,2.333813E+03,0.000000E+00,1.248381E-01,0.000000E+00,4.036646E+03,0.000000E+00,2.159245E-01,0.000000E+00,1.321043E+03,0.000000E+00,7.066398E-02,0.000000E+00,2.601038E+03,0.000000E+00,1.391323E-01,0.000000E+00,4.048119E+03,0.000000E+00,2.165382E-01,0.000000E+00,4.151163E+03,0.000000E+00,2.220501E-01,0.000000E+00
17:20:00,2.333724E+03,0.000000E+00,1.248334E-01,0.000000E+00,4.036472E+03,0.000000E+00,2.159151E-01,0.000000E+00,1.320974E+03,0.000000E+00,7.066031E-02,0.000000E+00,2.600954E+03,0.000000E+00,1.391278E-01,0.000000E+00,4.047950E+03,0.000000E+00,2.165292E-01,0.000000E+00,4.150986E+03,0.000000E+00,2.220406E-01,0.000000E+00
17:25:00,2.333637E+03,0.000000E+00,1.248287E-01,0.000000E+00,4.036300E+03,0.000000E+00,2.159059E-01,0.000000E+00,1.320906E+03,0.000000E+00,7.065669E-02,0.000000E+00,2.600872E+03,0.000000E+00,1.391234E-01,0.000000E+00,4.047784E+03,0.000000E+00,2.165202E-01,0.000000E+00,4.150811E+03,0.000000E+00,2.220313E-01,0.000000E+00
17:30:00,2.333551E+03,0.000000E+00,1.248241E-01,0.000000E+00,4.036130E+03,0.000000E+00,2.158969E-01,0.000000E+00,1.320840E+03,0.000000E+00,7.065312E-02,0.000000E+00,2.600790E+03,0.000000E+00,1.391190E-01,0.000000E+00,4.047620E+03,0.000000E+00,2.165115E-01,0.000000E+00,4.150638E+03,0.000000E+00,2.220220E-01,0.000000E+00
17:35:00,2.333466E+03,0.000000E+00,1.248196E-01,0.000000E+00,4.035962E+03,0.000000E+00,2.158879E-01,0.000000E+00,1.320774E+03,0.000000E+00,7.064959E-02,0.000000E+00,2.600710E+03,0.000000E+00,1.391147E-01,0.000000E+00,4.047458E+03,0.000000E+00,2.165028E-01,0.000000E+00,4.150467E+03,0.000000E+00,2.220129E-01,0.000000E+00
17:40:00,2.333382E+03,0.000000E+00,1.248151E-01,0.000000E+00,4.035797E+03,0.000000E+00,2.158791E-01,0.000000E+00,1.320709E+03,0.000000E+00,7.064611E-02,0.000000E+00,2.600631E+03,0.000000E+00,1.391105E-01,0.000000E+00,4.047298E+03,0.000000E+00,2.164942E-01,0.000000E+00,4.150299E+03,0.000000E+00,2.220039E-01,0.000000E+00
17:45:00,2.333299E+03,0.000000E+00,1.248106E-01,0.000000E+00,4.035634E+03,0.000000E+00,2.158703E-01,0.000000E+00,1.320645E+03,0.000000E+00,7.064268E-02,0.000000E+00,2.600552E+03,0.000000E+00,1.391063E-01,0.000000E+00,4.047140E+03,0.000000E+00,2.164858E-01,0.000000E+00,4.150133E+03,0.000000E+00,2.219950E-01,0.000000E+00
17:50:00,2.333217E+03,0.000000E+00,1.248063E-01,0.000000E+00,4.035473E+03,0.000000E+00,2.158617E-01,0.000000E+00,1.320581E+03,0.000000E+00,7.063929E-02,0.000000E+00,2.600475E+03,0.000000E+00,1.391022E-01,0.000000E+00,4.046984E+03,0.000000E+00,2.164775E-01,0.000000E+00,4.149969E+03,0.000000E+00,2.219862E-01,0.000000E+00
17:55:00,2.333137E+03,0.000000E+00,1.248020E-01,0.000000E+00,4.035314E+03,0.000000E+00,2.158532E-01,0.000000E+00,1.320519E+03,0.000000E+00,7.063595E-02,0.000000E+00,2.600399E+03,0.000000E+00,1.390981E-01,0.000000E+00,4.046830E+03,0.000000E+00,2.164693E-01,0.000000E+00,4.149807E+03,0.000000E+00,2.219776E-01,0.000000E+00
18:00:00,2.333057E+03,0.000000E+00,1.247977E-01,0.000000E+00,4.035157E+03,0.000000E+00,2.158448E-01,0.000000E+00,1.320457E+03,0.000000E+00,7.063265E-02,0.000000E+00,2.600324E+03,0.000000E+00,1.390941E-01,0.000000E+00,4.046679E+03,0.000000E+00,2.164611E-01,0.000000E+00,4.149647E+03,0.000000E+00,2.219690E-01,0.000000E+00
18:05:00,2.332979E+03,0.000000E+00,1.247935E-01,0.000000E+00,4.035002E+03,0.000000E+00,2.158366E-01,0.000000E+00,1.320396E+03,0.000000E+00,7.062939E-02,0.000000E+00,2.600249E+03,0.000000E+00,1.390901E-01,0.000000E+00,4.046529E+03,0.000000E+00,2.164531E-01,0.000000E+00,4.149489E+03,0.000000E+00,2.219606E-01,0.000000E+00
18:10:00,2.332901E+03,0.000000E+00,1.247893E-01,0.000000E+00,4.034850E+03,0.000000E+00,2.158284E-01,0.000000E+00,1.320336E+03,0.000000E+00,7.062618E-02,0.000000E+00,2.600176E+03,0.000000E+00,1.390862E-01,0.000000E+00,4.046381E+03,0.000000E+00,2.164452E-01,0.000000E+00,4.149334E+03,0.000000E+00,2.219522E-01,0.000000E+00
18:15:00,2.332824E+03,0.000000E+00,1.247852E-01,0.000000E+00,4.034699E+03,0.000000E+00,2.158203E-01,0.000000E+00,1.320277E+03,0.000000E+00,7.062300E-02,0.000000E+00,2.600104E+03,0.000000E+00,1.390823E-01,0.000000E+00,4.046236E+03,0.000000E+00,2.164374E-01,0.000000E+00,4.149180E+03,0.000000E+00,2.219440E-01,0.000000E+00
18:20:00,2.332749E+03,0.000000E+00,1.247812E-01,0.000000E+00,4.034550E+03,0.000000E+00,2.158124E-01,0.000000E+00,1.320218E+03,0.000000E+00,7.061987E-02,0.000000E+00,2.600032E+03,0.000000E+00,1.390785E-01,0.000000E+00,4.046092E+03,0.000000E+00,2.164297E-01,0.000000E+00,4.149028E+03,0.000000E+00,2.219359E-01,0.000000E+00
18:25:00,2.332674E+03,0.000000E+00,1.247772E-01,0.000000E+00,4.034403E+03,0.000000E+00,2.158045E-01,0.000000E+00,1.320160E+03,0.000000E+00,7.061678E-02,0.000000E+00,2.599962E+03,0.000000E+00,1.390747E-01,0.000000E+00,4.045950E+03,0.000000E+00,2.164221E-01,0.000000E+00,4.148878E+03,0.000000E+00,2.219279E-01,0.000000E+00
18:30:00,2.332600E+03,0.000000E+00,1.247733E-01,0.000000E+00,4.034258E+03,0.000000E+00,2.157968E-01,0.000000E+00,1.320103E+03,0.000000E+00,7.061373E-02,0.000000E+00,2.599892E+03,0.000000E+00,1.390710E-01,0.000000E+00,4.045809E+03,0.000000E+00,2.164146E-01,0.000000E+00,4.148730E+03,0.000000E+00,2.219200E-01,0.000000E+00
18:35:00,2.332527E+03,0.000000E+00,1.247694E-01,0.000000E+00,4.034115E+03,0.000000E+00,2.157891E-01,0.000000E+00,1.320047E+03,0.000000E+00,7.061071E-02,0.000000E+00,2.599823E+03,0.000000E+00,1.390673E-01,0.000000E+00,4.045671E+03,0.000000E+00,2.164072E-01,0.000000E+00,4.148584E+03,0.000000E+00,2.219122E-01,0.000000E+00
18:40:00,2.332456E+03,0.000000E+00,1.247655E-01,0.000000E+00,4.033974E+03,0.000000E+00,2.157815E-01,0.000000E+00,1.319991E+03,0.000000E+00,7.060774E-02,0.000000E+00,2.599756E+03,0.000000E+00,1.390637E-01,0.000000E+00,4.045534E+03,0.000000E+00,2.163999E-01,0.000000E+00,4.148440E+03,0.000000E+00,2.219044E-01,0.000000E+00
18:45:00,2.332385E+03,0.000000E+00,1.247617E-01,0.000000E+00,4.033834E+03,0.000000E+00,2.157741E-01,0.000000E+00,1.319936E+03,0.000000E+00,7.060480E-02,0.000000E+00,2.599689E+03,0.000000E+00,1.390601E-01,0.000000E+00,4.045400E+03,0.000000E+00,2.163927E-01,0.000000E+00,4.148297E+03,0.000000E+00,2.218968E-01,0.000000E+00
18:50:00,2.332314E+03,0.000000E+00,1.247580E-01,0.000000E+00,4.033697E+03,0.000000E+00,2.157667E-01,0.000000E+00,1.319882E+03,0.000000E+00,7.060190E-02,0.000000E+00,2.599623E+03,0.000000E+00,1.390566E-01,0.000000E+00,4.045266E+03,0.000000E+00,2.163856E-01,0.000000E+00,4.148157E+03,0.000000E+00,2.218893E-01,0.000000E+00
18:55:00,2.332245E+03,0.000000E+00,1.247543E-01,0.000000E+00,4.033561E+03,0.000000E+00,2.157594E-01,0.000000E+00,1.319829E+03,0.000000E+00,7.059904E-02,0.000000E+00,2.599557E+03,0.000000E+00,1.390531E-01,0.000000E+00,4.045135E+03,0.000000E+00,2.163786E-01,0.000000E+00,4.148018E+03,0.000000E+00,2.218819E-01,0.000000E+00
19:00:00,2.332177E+03,0.000000E+00,1.247506E-01,0.000000E+00,4.033427E+03,0.000000E+00,2.157523E-01,0.000000E+00,1.319776E+03,0.000000E+00,7.059621E-02,0.000000E+00,2.599493E+03,0.000000E+00,1.390496E-01,0.000000E+00,4.045005E+03,0.000000E+00,2.163716E-01,0.000000E+00,4.147881E+03,0.000000E+00,2.218745E-01,0.000000E+00
19:05:00,2.137797E+03,0.000000E+00,1.143530E-01,0.000000E+00,3.697245E+03,0.000000E+00,1.977696E-01,0.000000E+00,1.209770E+03,0.000000E+00,6.471188E-02,0.000000E+00,2.382838E+03,0.000000E+00,1.274606E-01,0.000000E+00,3.707861E+03,0.000000E+00,1.983374E-01,0.000000E+00,3.802160E+03,0.000000E+00,2.033816E-01,0.000000E+00
19:10:00,1.943423E+03,0.000000E+00,1.039558E-01,0.000000E+00,3.361076E+03,0.000000E+00,1.797875E-01,0.000000E+00,1.099769E+03,0.000000E+00,5.882780E-02,0.000000E+00,2.166190E+03,0.000000E+00,1.158718E-01,0.000000E+00,3.370728E+03,0.000000E+00,1.803038E-01,0.000000E+00,3.456452E+03,0.000000E+00,1.848893E-01,0.000000E+00
19:15:00,1.749055E+03,0.000000E+00,9.355883E-02,0.000000E+00,3.024918E+03,0.000000E+00,1.618061E-01,0.000000E+00,9.897721E+02,0.000000E+00,5.294396E-02,0.000000E+00,1.949547E+03,0.000000E+00,1.042833E-01,0.000000E+00,3.033607E+03,0.000000E+00,1.622709E-01,0.000000E+00,3.110755E+03,0.000000E+00,1.663976E-01,0.000000E+00
19:20:00,1.554693E+03,0.000000E+00,8.316220E-02,0.000000E+00,2.688772E+03,0.000000E+00,1.438253E-01,0.000000E+00,8.797800E+02,0.000000E+00,4.706037E-02,0.000000E+00,1.769848E+03,0.000000E+00,9.437918E-02,0.000000E+00,2.696497E+03,0.000000E+00,1.442385E-01,0.000000E+00,2.765071E+03,0.000000E+00,1.479066E-01,0.000000E+00
19:25:00,1.434063E+03,0.000000E+00,7.612962E-02,0.000000E+00,2.396283E+03,0.000000E+00,1.278295E-01,0.000000E+00,7.697924E+02,0.000000E+00,4.117701E-02,0.000000E+00,1.648115E+03,0.000000E+00,8.710471E-02,0.000000E+00,2.405286E+03,0.000000E+00,1.282924E-01,0.000000E+00,2.462768E+03,0.000000E+00,1.313861E-01,0.000000E+00
19:30:00,1.316363E+03,0.000000E+00,6.920303E-02,0.000000E+00,2.180312E+03,0.000000E+00,1.153025E-01,0.000000E+00,6.598092E+02,0.000000E+00,3.529389E-02,0.000000E+00,1.531609E+03,0.000000E+00,8.004881E-02,0.000000E+00,2.187853E+03,0.000000E+00,1.156906E-01,0.000000E+00,2.221975E+03,0.000000E+00,1.176530E-01,0.000000E+00
19:35:00,1.189587E+03,0.000000E+00,6.186559E-02,0.000000E+00,1.956375E+03,0.000000E+00,1.024007E-01,0.000000E+00,5.788554E+02,0.000000E+00,3.072770E-02,0.000000E+00,1.412702E+03,0.000000E+00,7.288423E-02,0.000000E+00,1.962546E+03,0.000000E+00,1.027189E-01,0.000000E+00,1.976107E+03,0.000000E+00,1.036802E-01,0.000000E+00
19:40:00,1.079124E+03,0.000000E+00,5.526657E-02,0.000000E+00,1.745353E+03,0.000000E+00,9.008357E-02,0.000000E+00,5.031551E+02,0.000000E+00,2.639638E-02,0.000000E+00,1.302817E+03,0.000000E+00,6.612801E-02,0.000000E+00,1.751116E+03,0.000000E+00,9.037529E-02,0.000000E+00,1.746818E+03,0.000000E+00,9.045774E-02,0.000000E+00
19:45:00,9.715352E+02,0.000000E+00,4.879766E-02,0.000000E+00,1.547997E+03,0.000000E+00,7.838513E-02,0.000000E+00,4.213934E+02,0.000000E+00,2.179073E-02,0.000000E+00,1.195403E+03,0.000000E+00,5.948368E-02,0.000000E+00,1.553038E+03,0.000000E+00,7.863618E-02,0.000000E+00,1.530872E+03,0.000000E+00,7.783934E-02,0.000000E+00
19:50:00,8.667439E+02,0.000000E+00,4.245543E-02,0.000000E+00,1.355753E+03,0.000000E+00,6.691810E-02,0.000000E+00,3.463391E+02,0.000000E+00,1.748869E-02,0.000000E+00,1.090456E+03,0.000000E+00,5.295108E-02,0.000000E+00,1.359990E+03,0.000000E+00,6.712485E-02,0.000000E+00,1.320983E+03,0.000000E+00,6.549520E-02,0.000000E+00
19:55:00,7.641490E+02,0.000000E+00,3.621265E-02,0.000000E+00,1.167359E+03,0.000000E+00,5.562540E-02,0.000000E+00,2.729388E+02,0.000000E+00,1.326155E-02,0.000000E+00,9.874485E+02,0.000000E+00,4.650631E-02,0.000000E+00,1.170722E+03,0.000000E+00,5.578465E-02,0.000000E+00,1.115783E+03,0.000000E+00,5.336338E-02,0.000000E+00
20:00:00,6.634864E+02,0.000000E+00,3.005738E-02,0.000000E+00,9.823577E+02,0.000000E+00,4.448638E-02,0.000000E+00,2.009917E+02,0.000000E+00,9.100220E-03,0.000000E+00,8.861396E+02,0.000000E+00,4.013845E-02,0.000000E+00,9.847768E+02,0.000000E+00,4.459494E-02,0.000000E+00,9.147048E+02,0.000000E+00,4.141821E-02,0.000000E+00
20:05:00,7.590081E+02,0.000000E+00,3.438085E-02,0.000000E+00,1.136782E+03,0.000000E+00,5.147590E-02,0.000000E+00,2.404377E+02,0.000000E+00,1.088561E-02,0.000000E+00,1.003078E+03,0.000000E+00,4.543127E-02,0.000000E+00,1.139151E+03,0.000000E+00,5.158218E-02,0.000000E+00,1.063194E+03,0.000000E+00,4.813909E-02,0.000000E+00
20:10:00,8.560243E+02,0.000000E+00,3.877197E-02,0.000000E+00,1.293817E+03,0.000000E+00,5.858356E-02,0.000000E+00,2.809851E+02,0.000000E+00,1.272085E-02,0.000000E+00,1.121341E+03,0.000000E+00,5.078407E-02,0.000000E+00,1.296078E+03,0.000000E+00,5.868495E-02,0.000000E+00,1.214837E+03,0.000000E+00,5.500270E-02,0.000000E+00
20:15:00,9.543721E+02,0.000000E+00,4.322335E-02,0.000000E+00,1.453188E+03,0.000000E+00,6.579695E-02,0.000000E+00,3.225174E+02,0.000000E+00,1.460068E-02,0.000000E+00,1.240783E+03,0.000000E+00,5.619021E-02,0.000000E+00,1.455286E+03,0.000000E+00,6.589096E-02,0.000000E+00,1.369289E+03,0.000000E+00,6.199343E-02,0.000000E+00
20:20:00,1.054008E+03,0.000000E+00,4.773305E-02,0.000000E+00,1.614875E+03,0.000000E+00,7.311518E-02,0.000000E+00,3.650221E+02,0.000000E+00,1.652451E-02,0.000000E+00,1.324434E+03,0.000000E+00,5.996425E-02,0.000000E+00,1.616753E+03,0.000000E+00,7.319924E-02,0.000000E+00,1.526450E+03,0.000000E+00,6.910681E-02,0.000000E+00
20:25:00,1.080966E+03,0.000000E+00,4.892641E-02,0.000000E+00,1.734752E+03,0.000000E+00,7.853206E-02,0.000000E+00,4.082917E+02,0.000000E+00,1.848296E-02,0.000000E+00,1.351060E+03,0.000000E+00,6.115129E-02,0.000000E+00,1.734126E+03,0.000000E+00,7.850295E-02,0.000000E+00,1.642431E+03,0.000000E+00,7.434940E-02,0.000000E+00
20:30:00,1.105949E+03,0.000000E+00,5.005708E-02,0.000000E+00,1.779801E+03,0.000000E+00,8.055675E-02,0.000000E+00,4.522603E+02,0.000000E+00,2.047306E-02,0.000000E+00,1.373313E+03,0.000000E+00,6.215845E-02,0.000000E+00,1.779367E+03,0.000000E+00,8.053714E-02,0.000000E+00,1.698899E+03,0.000000E+00,7.689502E-02,0.000000E+00
20:35:00,1.140937E+03,0.000000E+00,5.164070E-02,0.000000E+00,1.834494E+03,0.000000E+00,8.303227E-02,0.000000E+00,4.678954E+02,0.000000E+00,2.117775E-02,0.000000E+00,1.398804E+03,0.000000E+00,6.331218E-02,0.000000E+00,1.834121E+03,0.000000E+00,8.301536E-02,0.000000E+00,1.762380E+03,0.000000E+00,7.976826E-02,0.000000E+00
20:40:00,1.160393E+03,0.000000E+00,5.252131E-02,0.000000E+00,1.877661E+03,0.000000E+00,8.498607E-02,0.000000E+00,4.788482E+02,0.000000E+00,2.167347E-02,0.000000E+00,1.415978E+03,0.000000E+00,6.408955E-02,0.000000E+00,1.876352E+03,0.000000E+00,8.492684E-02,0.000000E+00,1.810903E+03,0.000000E+00,8.196449E-02,0.000000E+00
20:45:00,1.177689E+03,0.000000E+00,5.330416E-02,0.000000E+00,1.908436E+03,0.000000E+00,8.637899E-02,0.000000E+00,4.963876E+02,0.000000E+00,2.246733E-02,0.000000E+00,1.431328E+03,0.000000E+00,6.478428E-02,0.000000E+00,1.906477E+03,0.000000E+00,8.629031E-02,0.000000E+00,1.847564E+03,0.000000E+00,8.362380E-02,0.000000E+00
20:50:00,1.192879E+03,0.000000E+00,5.399170E-02,0.000000E+00,1.935360E+03,0.000000E+00,8.759763E-02,0.000000E+00,5.077367E+02,0.000000E+00,2.298101E-02,0.000000E+00,1.444839E+03,0.000000E+00,6.539582E-02,0.000000E+00,1.932799E+03,0.000000E+00,8.748173E-02,0.000000E+00,1.879599E+03,0.000000E+00,8.507378E-02,0.000000E+00
20:55:00,1.206468E+03,0.000000E+00,5.460675E-02,0.000000E+00,1.959505E+03,0.000000E+00,8.869045E-02,0.000000E+00,5.178683E+02,0.000000E+00,2.343958E-02,0.000000E+00,1.456954E+03,0.000000E+00,6.594417E-02,0.000000E+00,1.956388E+03,0.000000E+00,8.854939E-02,0.000000E+00,1.908172E+03,0.000000E+00,8.636705E-02,0.000000E+00
21:00:00,1.218674E+03,0.000000E+00,5.515924E-02,0.000000E+00,1.981251E+03,0.000000E+00,8.967473E-02,0.000000E+00,5.269530E+02,0.000000E+00,2.385077E-02,0.000000E+00,1.467874E+03,0.000000E+00,6.643840E-02,0.000000E+00,1.977627E+03,0.000000E+00,8.951068E-02,0.000000E+00,1.933757E+03,0.000000E+00,8.752507E-02,0.000000E+00
21:05:00,1.229543E+03,0.000000E+00,5.565119E-02,0.000000E+00,2.000604E+03,0.000000E+00,9.055067E-02,0.000000E+00,5.349984E+02,0.000000E+00,2.421492E-02,0.000000E+00,1.477628E+03,0.000000E+00,6.687990E-02,0.000000E+00,1.996522E+03,0.000000E+00,9.036589E-02,0.000000E+00,1.956460E+03,0.000000E+00,8.855263E-02,0.000000E+00
21:10:00,1.239380E+03,0.000000E+00,5.609640E-02,0.000000E+00,2.018187E+03,0.000000E+00,9.134652E-02,0.000000E+00,5.422834E+02,0.000000E+00,2.454465E-02,0.000000E+00,1.486483E+03,0.000000E+00,6.728070E-02,0.000000E+00,2.013686E+03,0.000000E+00,9.114279E-02,0.000000E+00,1.976958E+03,0.000000E+00,8.948039E-02,0.000000E+00
21:15:00,1.248316E+03,0.000000E+00,5.650084E-02,0.000000E+00,2.034224E+03,0.000000E+00,9.207237E-02,0.000000E+00,5.489033E+02,0.000000E+00,2.484428E-02,0.000000E+00,1.494558E+03,0.000000E+00,6.764618E-02,0.000000E+00,2.029342E+03,0.000000E+00,9.185139E-02,0.000000E+00,1.995531E+03,0.000000E+00,9.032107E-02,0.000000E+00
21:20:00,1.256383E+03,0.000000E+00,5.686597E-02,0.000000E+00,2.048723E+03,0.000000E+00,9.272863E-02,0.000000E+00,5.548660E+02,0.000000E+00,2.511416E-02,0.000000E+00,1.501874E+03,0.000000E+00,6.797733E-02,0.000000E+00,2.043499E+03,0.000000E+00,9.249218E-02,0.000000E+00,2.012255E+03,0.000000E+00,9.107803E-02,0.000000E+00
21:25:00,1.263774E+03,0.000000E+00,5.720052E-02,0.000000E+00,2.062071E+03,0.000000E+00,9.333278E-02,0.000000E+00,5.603397E+02,0.000000E+00,2.536191E-02,0.000000E+00,1.508600E+03,0.000000E+00,6.828176E-02,0.000000E+00,2.056533E+03,0.000000E+00,9.308213E-02,0.000000E+00,2.027550E+03,0.000000E+00,9.177027E-02,0.000000E+00
21:30:00,1.270565E+03,0.000000E+00,5.750787E-02,0.000000E+00,2.074387E+03,0.000000E+00,9.389022E-02,0.000000E+00,5.653751E+02,0.000000E+00,2.558982E-02,0.000000E+00,1.514803E+03,0.000000E+00,6.856250E-02,0.000000E+00,2.068563E+03,0.000000E+00,9.362661E-02,0.000000E+00,2.041572E+03,0.000000E+00,9.240493E-02,0.000000E+00
21:35:00,1.276772E+03,0.000000E+00,5.778885E-02,0.000000E+00,2.085673E+03,0.000000E+00,9.440105E-02,0.000000E+00,5.699759E+02,0.000000E+00,2.579806E-02,0.000000E+00,1.520493E+03,0.000000E+00,6.882005E-02,0.000000E+00,2.079591E+03,0.000000E+00,9.412575E-02,0.000000E+00,2.054365E+03,0.000000E+00,9.298398E-02,0.000000E+00
21:40:00,1.282498E+03,0.000000E+00,5.804800E-02,0.000000E+00,2.096128E+03,0.000000E+00,9.487427E-02,0.000000E+00,5.742281E+02,0.000000E+00,2.599052E-02,0.000000E+00,1.525758E+03,0.000000E+00,6.905833E-02,0.000000E+00,2.089808E+03,0.000000E+00,9.458820E-02,0.000000E+00,2.066146E+03,0.000000E+00,9.351720E-02,0.000000E+00
21:45:00,1.287798E+03,0.000000E+00,5.828790E-02,0.000000E+00,2.105848E+03,0.000000E+00,9.531419E-02,0.000000E+00,5.781720E+02,0.000000E+00,2.616903E-02,0.000000E+00,1.530647E+03,0.000000E+00,6.927962E-02,0.000000E+00,2.099309E+03,0.000000E+00,9.501822E-02,0.000000E+00,2.077034E+03,0.000000E+00,9.401001E-02,0.000000E+00
21:50:00,1.292693E+03,0.000000E+00,5.850942E-02,0.000000E+00,2.114849E+03,0.000000E+00,9.572160E-02,0.000000E+00,5.818161E+02,0.000000E+00,2.633397E-02,0.000000E+00,1.535176E+03,0.000000E+00,6.948461E-02,0.000000E+00,2.108111E+03,0.000000E+00,9.541661E-02,0.000000E+00,2.087073E+03,0.000000E+00,9.446440E-02,0.000000E+00
21:55:00,1.297252E+03,0.000000E+00,5.871578E-02,0.000000E+00,2.123269E+03,0.000000E+00,9.610269E-02,0.000000E+00,5.852189E+02,0.000000E+00,2.648798E-02,0.000000E+00,1.539406E+03,0.000000E+00,6.967608E-02,0.000000E+00,2.116346E+03,0.000000E+00,9.578935E-02,0.000000E+00,2.096414E+03,0.000000E+00,9.488718E-02,0.000000E+00
22:00:00,1.301507E+03,0.000000E+00,5.890837E-02,0.000000E+00,2.131156E+03,0.000000E+00,9.645968E-02,0.000000E+00,5.884007E+02,0.000000E+00,2.663200E-02,0.000000E+00,1.543365E+03,0.000000E+00,6.985529E-02,0.000000E+00,2.124063E+03,0.000000E+00,9.613861E-02,0.000000E+00,2.105121E+03,0.000000E+00,9.528129E-02,0.000000E+00
22:05:00,1.305468E+03,0.000000E+00,5.908765E-02,0.000000E+00,2.138517E+03,0.000000E+00,9.679284E-02,0.000000E+00,5.913651E+02,0.000000E+00,2.676617E-02,0.000000E+00,1.547060E+03,0.000000E+00,7.002254E-02,0.000000E+00,2.131266E+03,0.000000E+00,9.646466E-02,0.000000E+00,2.113217E+03,0.000000E+00,9.564773E-02,0.000000E+00
22:10:00,1.309183E+03,0.000000E+00,5.925580E-02,0.000000E+00,2.145444E+03,0.000000E+00,9.710638E-02,0.000000E+00,5.941512E+02,0.000000E+00,2.689228E-02,0.000000E+00,1.550534E+03,0.000000E+00,7.017974E-02,0.000000E+00,2.138047E+03,0.000000E+00,9.677157E-02,0.000000E+00,2.120804E+03,0.000000E+00,9.599111E-02,0.000000E+00
22:15:00,1.312673E+03,0.000000E+00,5.941376E-02,0.000000E+00,2.151972E+03,0.000000E+00,9.740186E-02,0.000000E+00,5.967732E+02,0.000000E+00,2.701095E-02,0.000000E+00,1.553804E+03,0.000000E+00,7.032775E-02,0.000000E+00,2.144438E+03,0.000000E+00,9.706085E-02,0.000000E+00,2.127924E+03,0.000000E+00,9.631341E-02,0.000000E+00
22:20:00,1.315945E+03,0.000000E+00,5.956186E-02,0.000000E+00,2.158106E+03,0.000000E+00,9.767946E-02,0.000000E+00,5.992336E+02,0.000000E+00,2.712231E-02,0.000000E+00,1.556876E+03,0.000000E+00,7.046680E-02,0.000000E+00,2.150445E+03,0.000000E+00,9.733272E-02,0.000000E+00,2.134595E+03,0.000000E+00,9.661531E-02,0.000000E+00
22:25:00,1.319031E+03,0.000000E+00,5.970156E-02,0.000000E+00,2.163908E+03,0.000000E+00,9.794206E-02,0.000000E+00,6.015586E+02,0.000000E+00,2.722755E-02,0.000000E+00,1.559779E+03,0.000000E+00,7.059819E-02,0.000000E+00,2.156127E+03,0.000000E+00,9.758992E-02,0.000000E+00,2.140883E+03,0.000000E+00,9.689991E-02,0.000000E+00
22:30:00,1.321946E+03,0.000000E+00,5.983350E-02,0.000000E+00,2.169401E+03,0.000000E+00,9.819071E-02,0.000000E+00,6.037579E+02,0.000000E+00,2.732709E-02,0.000000E+00,1.562525E+03,0.000000E+00,7.072249E-02,0.000000E+00,2.161509E+03,0.000000E+00,9.783349E-02,0.000000E+00,2.146817E+03,0.000000E+00,9.716853E-02,0.000000E+00
22:35:00,1.324695E+03,0.000000E+00,5.995791E-02,0.000000E+00,2.174590E+03,0.000000E+00,9.842557E-02,0.000000E+00,6.058331E+02,0.000000E+00,2.742102E-02,0.000000E+00,1.565119E+03,0.000000E+00,7.083988E-02,0.000000E+00,2.166593E+03,0.000000E+00,9.806360E-02,0.000000E+00,2.152410E+03,0.000000E+00,9.742165E-02,0.000000E+00
22:40:00,1.327312E+03,0.000000E+00,6.007634E-02,0.000000E+00,2.179541E+03,0.000000E+00,9.864966E-02,0.000000E+00,6.078126E+02,0.000000E+00,2.751061E-02,0.000000E+00,1.567591E+03,0.000000E+00,7.095178E-02,0.000000E+00,2.171445E+03,0.000000E+00,9.828322E-02,0.000000E+00,2.157733E+03,0.000000E+00,9.766258E-02,0.000000E+00
22:45:00,1.329801E+03,0.000000E+00,6.018899E-02,0.000000E+00,2.184258E+03,0.000000E+00,9.886316E-02,0.000000E+00,6.096970E+02,0.000000E+00,2.759590E-02,0.000000E+00,1.569945E+03,0.000000E+00,7.105834E-02,0.000000E+00,2.176068E+03,0.000000E+00,9.849249E-02,0.000000E+00,2.162793E+03,0.000000E+00,9.789162E-02,0.000000E+00
22:50:00,1.332160E+03,0.000000E+00,6.029580E-02,0.000000E+00,2.188735E+03,0.000000E+00,9.906580E-02,0.000000E+00,6.114844E+02,0.000000E+00,2.767680E-02,0.000000E+00,1.572180E+03,0.000000E+00,7.115949E-02,0.000000E+00,2.180457E+03,0.000000E+00,9.869114E-02,0.000000E+00,2.167589E+03,0.000000E+00,9.810869E-02,0.000000E+00
22:55:00,1.334407E+03,0.000000E+00,6.039750E-02,0.000000E+00,2.193004E+03,0.000000E+00,9.925903E-02,0.000000E+00,6.131879E+02,0.000000E+00,2.775391E-02,0.000000E+00,1.574310E+03,0.000000E+00,7.125588E-02,0.000000E+00,2.184643E+03,0.000000E+00,9.888057E-02,0.000000E+00,2.172154E+03,0.000000E+00,9.831531E-02,0.000000E+00
23:00:00,1.336549E+03,0.000000E+00,6.049445E-02,0.000000E+00,2.197080E+03,0.000000E+00,9.944351E-02,0.000000E+00,6.148135E+02,0.000000E+00,2.782748E-02,0.000000E+00,1.576342E+03,0.000000E+00,7.134785E-02,0.000000E+00,2.188639E+03,0.000000E+00,9.906143E-02,0.000000E+00,2.176504E+03,0.000000E+00,9.851222E-02,0.000000E+00
23:05:00,1.338589E+03,0.000000E+00,6.058679E-02,0.000000E+00,2.200966E+03,0.000000E+00,9.961939E-02,0.000000E+00,6.163625E+02,0.000000E+00,2.789759E-02,0.000000E+00,1.578278E+03,0.000000E+00,7.143551E-02,0.000000E+00,2.192449E+03,0.000000E+00,9.923388E-02,0.000000E+00,2.180647E+03,0.000000E+00,9.869970E-02,0.000000E+00
23:10:00,1.340538E+03,0.000000E+00,6.067498E-02,0.000000E+00,2.204682E+03,0.000000E+00,9.978759E-02,0.000000E+00,6.178433E+02,0.000000E+00,2.796462E-02,0.000000E+00,1.580129E+03,0.000000E+00,7.151929E-02,0.000000E+00,2.196092E+03,0.000000E+00,9.939879E-02,0.000000E+00,2.184602E+03,0.000000E+00,9.887872E-02,0.000000E+00
23:15:00,1.342400E+03,0.000000E+00,6.075927E-02,0.000000E+00,2.208238E+03,0.000000E+00,9.994853E-02,0.000000E+00,6.192594E+02,0.000000E+00,2.802871E-02,0.000000E+00,1.581899E+03,0.000000E+00,7.159940E-02,0.000000E+00,2.199578E+03,0.000000E+00,9.955657E-02,0.000000E+00,2.188381E+03,0.000000E+00,9.904977E-02,0.000000E+00
23:20:00,1.344178E+03,0.000000E+00,6.083976E-02,0.000000E+00,2.211636E+03,0.000000E+00,1.001023E-01,0.000000E+00,6.206122E+02,0.000000E+00,2.808994E-02,0.000000E+00,1.583590E+03,0.000000E+00,7.167594E-02,0.000000E+00,2.202910E+03,0.000000E+00,9.970736E-02,0.000000E+00,2.191989E+03,0.000000E+00,9.921305E-02,0.000000E+00
23:25:00,1.345881E+03,0.000000E+00,6.091680E-02,0.000000E+00,2.214892E+03,0.000000E+00,1.002497E-01,0.000000E+00,6.219082E+02,0.000000E+00,2.814860E-02,0.000000E+00,1.585210E+03,0.000000E+00,7.174924E-02,0.000000E+00,2.206102E+03,0.000000E+00,9.985184E-02,0.000000E+00,2.195441E+03,0.000000E+00,9.936933E-02,0.000000E+00
23:30:00,1.347511E+03,0.000000E+00,6.099061E-02,0.000000E+00,2.218014E+03,0.000000E+00,1.003910E-01,0.000000E+00,6.231501E+02,0.000000E+00,2.820481E-02,0.000000E+00,1.586762E+03,0.000000E+00,7.181948E-02,0.000000E+00,2.209162E+03,0.000000E+00,9.999035E-02,0.000000E+00,2.198748E+03,0.000000E+00,9.951898E-02,0.000000E+00
23:35:00,1.349072E+03,0.000000E+00,6.106124E-02,0.000000E+00,2.221004E+03,0.000000E+00,1.005263E-01,0.000000E+00,6.243391E+02,0.000000E+00,2.825863E-02,0.000000E+00,1.588247E+03,0.000000E+00,7.188672E-02,0.000000E+00,2.212092E+03,0.000000E+00,1.001230E-01,0.000000E+00,2.201911E+03,0.000000E+00,9.966217E-02,0.000000E+00
23:40:00,1.350569E+03,0.000000E+00,6.112899E-02,0.000000E+00,2.223874E+03,0.000000E+00,1.006563E-01,0.000000E+00,6.254803E+02,0.000000E+00,2.831028E-02,0.000000E+00,1.589673E+03,0.000000E+00,7.195124E-02,0.000000E+00,2.214905E+03,0.000000E+00,1.002503E-01,0.000000E+00,2.204945E+03,0.000000E+00,9.979949E-02,0.000000E+00
23:45:00,1.352005E+03,0.000000E+00,6.119402E-02,0.000000E+00,2.226631E+03,0.000000E+00,1.007810E-01,0.000000E+00,6.265760E+02,0.000000E+00,2.835987E-02,0.000000E+00,1.591041E+03,0.000000E+00,7.201317E-02,0.000000E+00,2.217607E+03,0.000000E+00,1.003726E-01,0.000000E+00,2.207856E+03,0.000000E+00,9.993126E-02,0.000000E+00
23:50:00,1.353383E+03,0.000000E+00,6.125638E-02,0.000000E+00,2.229277E+03,0.000000E+00,1.009008E-01,0.000000E+00,6.276271E+02,0.000000E+00,2.840745E-02,0.000000E+00,1.592354E+03,0.000000E+00,7.207258E-02,0.000000E+00,2.220199E+03,0.000000E+00,1.004899E-01,0.000000E+00,2.210648E+03,0.000000E+00,1.000576E-01,0.000000E+00
23:55:00,1.354707E+03,0.000000E+00,6.131631E-02,0.000000E+00,2.231821E+03,0.000000E+00,1.010159E-01,0.000000E+00,6.286376E+02,0.000000E+00,2.845319E-02,0.000000E+00,1.593615E+03,0.000000E+00,7.212968E-02,0.000000E+00,2.222692E+03,0.000000E+00,1.006027E-01,0.000000E+00,2.213330E+03,0.000000E+00,1.001790E-01,0.000000E+00
24:00:00,1.355980E+03,0.000000E+00,6.137392E-02,0.000000E+00,2.234269E+03,0.000000E+00,1.011267E-01,0.000000E+00,6.296095E+02,0.000000E+00,2.849718E-02,0.000000E+00,1.594828E+03,0.000000E+00,7.218458E-02,0.000000E+00,2.225089E+03,0.000000E+00,1.007112E-01,0.000000E+00,2.215908E+03,0.000000E+00,1.002957E-01,0.000000E+00
Peak,3.268626E+03,0.000000E+00,1.706449E-01,0.000000E+00,5.920904E+03,0.000000E+00,3.074583E-01,0.000000E+00,2.114477E+03,0.000000E+00,1.093456E-01,0.000000E+00,3.504516E+03,0.000000E+00,1.832379E-01,0.000000E+00,5.916453E+03,0.000000E+00,3.072213E-01,0.000000E+00,6.065037E+03,0.000000E+00,3.156409E-01,0.000000E+00

Peak Vol Flow (m3/s),,,1.474939E-01,0.000000E+00,,,2.657461E-01,0.000000E+00,,,9.451094E-02,0.000000E+00,,,1.583784E-01,0.000000E+00,,,2.655413E-01,0.000000E+00,,,2.728186E-01,0.000000E+00
